"userID (S)","answers (M)","date (S)","gender (S)","totalTimeSpent (S)"
"868970116599441","{  ""1dilemma"" : { ""S"" : ""3"" },  ""1etisk"" : { ""S"" : ""2"" },  ""1harDu"" : { ""S"" : ""2"" },  ""1hotOrNot"" : { ""S"" : ""1"" },  ""1tekst"" : { ""S"" : ""2"" },  ""2dilemma"" : { ""S"" : ""3"" },  ""2harDu"" : { ""S"" : ""3"" },  ""2hotOrNot"" : { ""S"" : ""3"" },  ""2tekst"" : { ""S"" : ""3"" },  ""3dilemma"" : { ""S"" : ""1"" },  ""3harDu"" : { ""S"" : ""3"" },  ""3hotOrNot"" : { ""S"" : ""3"" },  ""3tekst"" : { ""S"" : ""3"" },  ""4dilemma"" : { ""S"" : ""1"" },  ""4hotOrNot"" : { ""S"" : ""3"" },  ""4tekst"" : { ""S"" : ""2"" },  ""5hotOrNot"" : { ""S"" : ""3"" },  ""6hotOrNot"" : { ""S"" : ""1"" }}","2017-09-10 22:13:30.806843","0","62.858"
"412011569195628","{  ""1dilemma"" : { ""S"" : ""3"" },  ""1etisk"" : { ""S"" : ""1"" },  ""1harDu"" : { ""S"" : ""0"" },  ""1hotOrNot"" : { ""S"" : ""3"" },  ""1tekst"" : { ""S"" : ""2"" },  ""2dilemma"" : { ""S"" : ""3"" },  ""2harDu"" : { ""S"" : ""3"" },  ""2hotOrNot"" : { ""S"" : ""1"" },  ""2tekst"" : { ""S"" : ""2"" },  ""3dilemma"" : { ""S"" : ""1"" },  ""3harDu"" : { ""S"" : ""3"" },  ""3hotOrNot"" : { ""S"" : ""1"" },  ""3tekst"" : { ""S"" : ""3"" },  ""4dilemma"" : { ""S"" : ""1"" },  ""4hotOrNot"" : { ""S"" : ""3"" },  ""4tekst"" : { ""S"" : ""2"" },  ""5hotOrNot"" : { ""S"" : ""3"" },  ""6hotOrNot"" : { ""S"" : ""1"" }}","2017-09-20 10:55:22.254782","0","76.756"
"814600625385165","{  ""1dilemma"" : { ""S"" : ""1"" },  ""1etisk"" : { ""S"" : ""2"" },  ""1harDu"" : { ""S"" : ""1"" },  ""1hotOrNot"" : { ""S"" : ""1"" },  ""1tekst"" : { ""S"" : ""3"" },  ""2dilemma"" : { ""S"" : ""3"" },  ""2harDu"" : { ""S"" : ""3"" },  ""2hotOrNot"" : { ""S"" : ""3"" },  ""2tekst"" : { ""S"" : ""2"" },  ""3dilemma"" : { ""S"" : ""1"" },  ""3harDu"" : { ""S"" : ""3"" },  ""3hotOrNot"" : { ""S"" : ""3"" },  ""3tekst"" : { ""S"" : ""3"" },  ""4dilemma"" : { ""S"" : ""1"" },  ""4hotOrNot"" : { ""S"" : ""3"" },  ""4tekst"" : { ""S"" : ""2"" },  ""5hotOrNot"" : { ""S"" : ""1"" },  ""6hotOrNot"" : { ""S"" : ""1"" }}","2017-10-05 01:40:39.494349","0","59.949"
"740992852776089","{  ""1dilemma"" : { ""S"" : ""3"" },  ""1etisk"" : { ""S"" : ""1"" },  ""1harDu"" : { ""S"" : ""2"" },  ""1hotOrNot"" : { ""S"" : ""3"" },  ""1tekst"" : { ""S"" : ""2"" },  ""2dilemma"" : { ""S"" : ""3"" },  ""2harDu"" : { ""S"" : ""3"" },  ""2hotOrNot"" : { ""S"" : ""3"" },  ""2tekst"" : { ""S"" : ""1"" },  ""3dilemma"" : { ""S"" : ""1"" },  ""3harDu"" : { ""S"" : ""3"" },  ""3hotOrNot"" : { ""S"" : ""3"" },  ""3tekst"" : { ""S"" : ""2"" },  ""4dilemma"" : { ""S"" : ""1"" },  ""4hotOrNot"" : { ""S"" : ""1"" },  ""4tekst"" : { ""S"" : ""1"" },  ""5hotOrNot"" : { ""S"" : ""1"" },  ""6hotOrNot"" : { ""S"" : ""1"" }}","2017-09-28 19:56:33.857335","0","70.612"
"649662322088231","{  ""1dilemma"" : { ""S"" : ""1"" },  ""1etisk"" : { ""S"" : ""3"" },  ""1harDu"" : { ""S"" : ""0"" },  ""1hotOrNot"" : { ""S"" : ""1"" },  ""1tekst"" : { ""S"" : ""3"" },  ""2dilemma"" : { ""S"" : ""3"" },  ""2harDu"" : { ""S"" : ""3"" },  ""2hotOrNot"" : { ""S"" : ""1"" },  ""2tekst"" : { ""S"" : ""3"" },  ""3dilemma"" : { ""S"" : ""3"" },  ""3harDu"" : { ""S"" : ""3"" },  ""3hotOrNot"" : { ""S"" : ""1"" },  ""3tekst"" : { ""S"" : ""3"" },  ""4dilemma"" : { ""S"" : ""1"" },  ""4hotOrNot"" : { ""S"" : ""3"" },  ""4tekst"" : { ""S"" : ""2"" },  ""5hotOrNot"" : { ""S"" : ""0"" },  ""6hotOrNot"" : { ""S"" : ""3"" }}","2017-10-05 01:21:27.815370","0","73.989"
"1704521382952019","{  ""1dilemma"" : { ""S"" : ""1"" },  ""1etisk"" : { ""S"" : ""3"" },  ""1harDu"" : { ""S"" : ""0"" },  ""1hotOrNot"" : { ""S"" : ""1"" },  ""1tekst"" : { ""S"" : ""2"" },  ""2dilemma"" : { ""S"" : ""3"" },  ""2harDu"" : { ""S"" : ""3"" },  ""2hotOrNot"" : { ""S"" : ""1"" },  ""2tekst"" : { ""S"" : ""2"" },  ""3dilemma"" : { ""S"" : ""1"" },  ""3harDu"" : { ""S"" : ""2"" },  ""3hotOrNot"" : { ""S"" : ""3"" },  ""3tekst"" : { ""S"" : ""2"" },  ""4dilemma"" : { ""S"" : ""3"" },  ""4hotOrNot"" : { ""S"" : ""1"" },  ""4tekst"" : { ""S"" : ""3"" },  ""5hotOrNot"" : { ""S"" : ""3"" },  ""6hotOrNot"" : { ""S"" : ""3"" }}","2017-10-05 01:11:41.534811","0","76.836"
"118289742175239","{  ""1dilemma"" : { ""S"" : ""1"" },  ""1etisk"" : { ""S"" : ""3"" },  ""1harDu"" : { ""S"" : ""3"" },  ""1hotOrNot"" : { ""S"" : ""3"" },  ""1tekst"" : { ""S"" : ""3"" },  ""2dilemma"" : { ""S"" : ""1"" },  ""2harDu"" : { ""S"" : ""3"" },  ""2hotOrNot"" : { ""S"" : ""3"" },  ""2tekst"" : { ""S"" : ""2"" },  ""3dilemma"" : { ""S"" : ""1"" },  ""3harDu"" : { ""S"" : ""3"" },  ""3hotOrNot"" : { ""S"" : ""1"" },  ""3tekst"" : { ""S"" : ""1"" },  ""4dilemma"" : { ""S"" : ""1"" },  ""4hotOrNot"" : { ""S"" : ""1"" },  ""4tekst"" : { ""S"" : ""2"" },  ""5hotOrNot"" : { ""S"" : ""3"" },  ""6hotOrNot"" : { ""S"" : ""1"" }}","2017-09-28 18:35:54.033942","0","65.563"
"2031735000391542","{  ""1dilemma"" : { ""S"" : ""3"" },  ""1etisk"" : { ""S"" : ""2"" },  ""1harDu"" : { ""S"" : ""2"" },  ""1hotOrNot"" : { ""S"" : ""1"" },  ""1tekst"" : { ""S"" : ""3"" },  ""2dilemma"" : { ""S"" : ""1"" },  ""2harDu"" : { ""S"" : ""1"" },  ""2hotOrNot"" : { ""S"" : ""3"" },  ""2tekst"" : { ""S"" : ""1"" },  ""3dilemma"" : { ""S"" : ""3"" },  ""3harDu"" : { ""S"" : ""3"" },  ""3hotOrNot"" : { ""S"" : ""1"" },  ""3tekst"" : { ""S"" : ""2"" },  ""4dilemma"" : { ""S"" : ""1"" },  ""4hotOrNot"" : { ""S"" : ""1"" },  ""4tekst"" : { ""S"" : ""1"" },  ""5hotOrNot"" : { ""S"" : ""3"" },  ""6hotOrNot"" : { ""S"" : ""3"" }}","2017-09-29 13:50:25.558999","0","59.972"
"115755242470386","{  ""1dilemma"" : { ""S"" : ""3"" },  ""1etisk"" : { ""S"" : ""2"" },  ""1harDu"" : { ""S"" : ""2"" },  ""1hotOrNot"" : { ""S"" : ""3"" },  ""1tekst"" : { ""S"" : ""2"" },  ""2dilemma"" : { ""S"" : ""3"" },  ""2harDu"" : { ""S"" : ""2"" },  ""2hotOrNot"" : { ""S"" : ""1"" },  ""2tekst"" : { ""S"" : ""3"" },  ""3dilemma"" : { ""S"" : ""1"" },  ""3harDu"" : { ""S"" : ""3"" },  ""3hotOrNot"" : { ""S"" : ""3"" },  ""3tekst"" : { ""S"" : ""1"" },  ""4dilemma"" : { ""S"" : ""3"" },  ""4hotOrNot"" : { ""S"" : ""3"" },  ""4tekst"" : { ""S"" : ""3"" },  ""5hotOrNot"" : { ""S"" : ""3"" },  ""6hotOrNot"" : { ""S"" : ""1"" }}","2017-09-10 21:43:02.346429","0","55.043"
"201595780379126","{  ""1dilemma"" : { ""S"" : ""1"" },  ""1etisk"" : { ""S"" : ""3"" },  ""1harDu"" : { ""S"" : ""3"" },  ""1hotOrNot"" : { ""S"" : ""3"" },  ""1tekst"" : { ""S"" : ""1"" },  ""2dilemma"" : { ""S"" : ""3"" },  ""2harDu"" : { ""S"" : ""1"" },  ""2hotOrNot"" : { ""S"" : ""1"" },  ""2tekst"" : { ""S"" : ""3"" },  ""3dilemma"" : { ""S"" : ""3"" },  ""3harDu"" : { ""S"" : ""2"" },  ""3hotOrNot"" : { ""S"" : ""1"" },  ""3tekst"" : { ""S"" : ""1"" },  ""4dilemma"" : { ""S"" : ""1"" },  ""4hotOrNot"" : { ""S"" : ""1"" },  ""4tekst"" : { ""S"" : ""1"" },  ""5hotOrNot"" : { ""S"" : ""3"" },  ""6hotOrNot"" : { ""S"" : ""3"" }}","2017-09-20 11:09:14.192542","0","66.75"
"317810415349962","{  ""1dilemma"" : { ""S"" : ""3"" },  ""1etisk"" : { ""S"" : ""2"" },  ""1harDu"" : { ""S"" : ""1"" },  ""1hotOrNot"" : { ""S"" : ""3"" },  ""1tekst"" : { ""S"" : ""3"" },  ""2dilemma"" : { ""S"" : ""1"" },  ""2harDu"" : { ""S"" : ""1"" },  ""2hotOrNot"" : { ""S"" : ""1"" },  ""2tekst"" : { ""S"" : ""3"" },  ""3dilemma"" : { ""S"" : ""3"" },  ""3harDu"" : { ""S"" : ""3"" },  ""3hotOrNot"" : { ""S"" : ""1"" },  ""3tekst"" : { ""S"" : ""1"" },  ""4dilemma"" : { ""S"" : ""1"" },  ""4hotOrNot"" : { ""S"" : ""3"" },  ""4tekst"" : { ""S"" : ""1"" },  ""5hotOrNot"" : { ""S"" : ""3"" },  ""6hotOrNot"" : { ""S"" : ""1"" }}","2017-09-20 09:45:32.472600","0","67.885"
"1991564317795359","{  ""1dilemma"" : { ""S"" : ""3"" },  ""1etisk"" : { ""S"" : ""2"" },  ""1harDu"" : { ""S"" : ""3"" },  ""1hotOrNot"" : { ""S"" : ""1"" },  ""1tekst"" : { ""S"" : ""2"" },  ""2dilemma"" : { ""S"" : ""1"" },  ""2harDu"" : { ""S"" : ""2"" },  ""2hotOrNot"" : { ""S"" : ""1"" },  ""2tekst"" : { ""S"" : ""2"" },  ""3dilemma"" : { ""S"" : ""3"" },  ""3harDu"" : { ""S"" : ""3"" },  ""3hotOrNot"" : { ""S"" : ""1"" },  ""3tekst"" : { ""S"" : ""1"" },  ""4dilemma"" : { ""S"" : ""3"" },  ""4hotOrNot"" : { ""S"" : ""3"" },  ""4tekst"" : { ""S"" : ""3"" },  ""5hotOrNot"" : { ""S"" : ""1"" },  ""6hotOrNot"" : { ""S"" : ""1"" }}","2017-09-28 17:57:28.516539","0","64.283"
"135883837034657","{  ""1dilemma"" : { ""S"" : ""3"" },  ""1etisk"" : { ""S"" : ""2"" },  ""1harDu"" : { ""S"" : ""2"" },  ""1hotOrNot"" : { ""S"" : ""1"" },  ""1tekst"" : { ""S"" : ""1"" },  ""2dilemma"" : { ""S"" : ""3"" },  ""2harDu"" : { ""S"" : ""1"" },  ""2hotOrNot"" : { ""S"" : ""3"" },  ""2tekst"" : { ""S"" : ""2"" },  ""3dilemma"" : { ""S"" : ""1"" },  ""3harDu"" : { ""S"" : ""3"" },  ""3hotOrNot"" : { ""S"" : ""1"" },  ""3tekst"" : { ""S"" : ""2"" },  ""4dilemma"" : { ""S"" : ""3"" },  ""4hotOrNot"" : { ""S"" : ""1"" },  ""4tekst"" : { ""S"" : ""2"" },  ""5hotOrNot"" : { ""S"" : ""3"" },  ""6hotOrNot"" : { ""S"" : ""1"" }}","2017-09-28 15:56:32.116212","0","66.052"
"1684267091592980","{  ""1dilemma"" : { ""S"" : ""3"" },  ""1etisk"" : { ""S"" : ""1"" },  ""1harDu"" : { ""S"" : ""3"" },  ""1hotOrNot"" : { ""S"" : ""0"" },  ""1tekst"" : { ""S"" : ""3"" },  ""2dilemma"" : { ""S"" : ""1"" },  ""2harDu"" : { ""S"" : ""2"" },  ""2hotOrNot"" : { ""S"" : ""3"" },  ""2tekst"" : { ""S"" : ""1"" },  ""3dilemma"" : { ""S"" : ""3"" },  ""3harDu"" : { ""S"" : ""2"" },  ""3hotOrNot"" : { ""S"" : ""3"" },  ""3tekst"" : { ""S"" : ""2"" },  ""4dilemma"" : { ""S"" : ""3"" },  ""4hotOrNot"" : { ""S"" : ""1"" },  ""4tekst"" : { ""S"" : ""3"" },  ""5hotOrNot"" : { ""S"" : ""1"" },  ""6hotOrNot"" : { ""S"" : ""1"" }}","2017-09-10 21:56:25.067439","0","68.368"
"1716341158673881","{  ""1dilemma"" : { ""S"" : ""3"" },  ""1etisk"" : { ""S"" : ""3"" },  ""1harDu"" : { ""S"" : ""2"" },  ""1hotOrNot"" : { ""S"" : ""3"" },  ""1tekst"" : { ""S"" : ""2"" },  ""2dilemma"" : { ""S"" : ""3"" },  ""2harDu"" : { ""S"" : ""2"" },  ""2hotOrNot"" : { ""S"" : ""3"" },  ""2tekst"" : { ""S"" : ""2"" },  ""3dilemma"" : { ""S"" : ""1"" },  ""3harDu"" : { ""S"" : ""3"" },  ""3hotOrNot"" : { ""S"" : ""3"" },  ""3tekst"" : { ""S"" : ""3"" },  ""4dilemma"" : { ""S"" : ""3"" },  ""4hotOrNot"" : { ""S"" : ""3"" },  ""4tekst"" : { ""S"" : ""1"" },  ""5hotOrNot"" : { ""S"" : ""3"" },  ""6hotOrNot"" : { ""S"" : ""1"" }}","2017-10-05 01:55:19.515548","0","58.302"
"160877887827026","{  ""1dilemma"" : { ""S"" : ""3"" },  ""1etisk"" : { ""S"" : ""1"" },  ""1harDu"" : { ""S"" : ""3"" },  ""1hotOrNot"" : { ""S"" : ""3"" },  ""1tekst"" : { ""S"" : ""2"" },  ""2dilemma"" : { ""S"" : ""1"" },  ""2harDu"" : { ""S"" : ""3"" },  ""2hotOrNot"" : { ""S"" : ""1"" },  ""2tekst"" : { ""S"" : ""3"" },  ""3dilemma"" : { ""S"" : ""3"" },  ""3harDu"" : { ""S"" : ""2"" },  ""3hotOrNot"" : { ""S"" : ""1"" },  ""3tekst"" : { ""S"" : ""3"" },  ""4dilemma"" : { ""S"" : ""3"" },  ""4hotOrNot"" : { ""S"" : ""3"" },  ""4tekst"" : { ""S"" : ""1"" },  ""5hotOrNot"" : { ""S"" : ""1"" },  ""6hotOrNot"" : { ""S"" : ""1"" }}","2017-09-29 12:29:40.899350","0","57.989"
"180546299181198","{  ""1dilemma"" : { ""S"" : ""3"" },  ""1etisk"" : { ""S"" : ""2"" },  ""1harDu"" : { ""S"" : ""1"" },  ""1hotOrNot"" : { ""S"" : ""3"" },  ""1tekst"" : { ""S"" : ""2"" },  ""2dilemma"" : { ""S"" : ""3"" },  ""2harDu"" : { ""S"" : ""2"" },  ""2hotOrNot"" : { ""S"" : ""0"" },  ""2tekst"" : { ""S"" : ""2"" },  ""3dilemma"" : { ""S"" : ""3"" },  ""3harDu"" : { ""S"" : ""2"" },  ""3hotOrNot"" : { ""S"" : ""3"" },  ""3tekst"" : { ""S"" : ""1"" },  ""4dilemma"" : { ""S"" : ""3"" },  ""4hotOrNot"" : { ""S"" : ""3"" },  ""4tekst"" : { ""S"" : ""2"" },  ""5hotOrNot"" : { ""S"" : ""1"" },  ""6hotOrNot"" : { ""S"" : ""3"" }}","2017-10-06 00:31:18.096920","0","72.973"
"1690626804315721","{  ""1dilemma"" : { ""S"" : ""3"" },  ""1etisk"" : { ""S"" : ""2"" },  ""1harDu"" : { ""S"" : ""1"" },  ""1hotOrNot"" : { ""S"" : ""3"" },  ""1tekst"" : { ""S"" : ""3"" },  ""2dilemma"" : { ""S"" : ""1"" },  ""2harDu"" : { ""S"" : ""2"" },  ""2hotOrNot"" : { ""S"" : ""1"" },  ""2tekst"" : { ""S"" : ""2"" },  ""3dilemma"" : { ""S"" : ""1"" },  ""3harDu"" : { ""S"" : ""2"" },  ""3hotOrNot"" : { ""S"" : ""3"" },  ""3tekst"" : { ""S"" : ""3"" },  ""4dilemma"" : { ""S"" : ""3"" },  ""4hotOrNot"" : { ""S"" : ""1"" },  ""4tekst"" : { ""S"" : ""3"" },  ""5hotOrNot"" : { ""S"" : ""3"" },  ""6hotOrNot"" : { ""S"" : ""1"" }}","2017-10-06 00:29:06.515953","0","56.578"
"1451207721640500","{  ""1dilemma"" : { ""S"" : ""1"" },  ""1etisk"" : { ""S"" : ""3"" },  ""1harDu"" : { ""S"" : ""3"" },  ""1hotOrNot"" : { ""S"" : ""3"" },  ""1tekst"" : { ""S"" : ""2"" },  ""2dilemma"" : { ""S"" : ""1"" },  ""2harDu"" : { ""S"" : ""1"" },  ""2hotOrNot"" : { ""S"" : ""3"" },  ""2tekst"" : { ""S"" : ""1"" },  ""3dilemma"" : { ""S"" : ""3"" },  ""3harDu"" : { ""S"" : ""2"" },  ""3hotOrNot"" : { ""S"" : ""1"" },  ""3tekst"" : { ""S"" : ""2"" },  ""4dilemma"" : { ""S"" : ""1"" },  ""4hotOrNot"" : { ""S"" : ""1"" },  ""4tekst"" : { ""S"" : ""1"" },  ""5hotOrNot"" : { ""S"" : ""1"" },  ""6hotOrNot"" : { ""S"" : ""1"" }}","2017-09-28 18:48:08.515768","0","76.674"
"471715326540611","{  ""1dilemma"" : { ""S"" : ""3"" },  ""1etisk"" : { ""S"" : ""1"" },  ""1harDu"" : { ""S"" : ""3"" },  ""1hotOrNot"" : { ""S"" : ""1"" },  ""1tekst"" : { ""S"" : ""3"" },  ""2dilemma"" : { ""S"" : ""3"" },  ""2harDu"" : { ""S"" : ""2"" },  ""2hotOrNot"" : { ""S"" : ""3"" },  ""2tekst"" : { ""S"" : ""2"" },  ""3dilemma"" : { ""S"" : ""3"" },  ""3harDu"" : { ""S"" : ""2"" },  ""3hotOrNot"" : { ""S"" : ""1"" },  ""3tekst"" : { ""S"" : ""2"" },  ""4dilemma"" : { ""S"" : ""1"" },  ""4hotOrNot"" : { ""S"" : ""3"" },  ""4tekst"" : { ""S"" : ""1"" },  ""5hotOrNot"" : { ""S"" : ""3"" },  ""6hotOrNot"" : { ""S"" : ""3"" }}","2017-09-12 11:43:14.771352","0","58.598"
"1893651537556228","{  ""1dilemma"" : { ""S"" : ""1"" },  ""1etisk"" : { ""S"" : ""2"" },  ""1harDu"" : { ""S"" : ""2"" },  ""1hotOrNot"" : { ""S"" : ""3"" },  ""1tekst"" : { ""S"" : ""2"" },  ""2dilemma"" : { ""S"" : ""3"" },  ""2harDu"" : { ""S"" : ""2"" },  ""2hotOrNot"" : { ""S"" : ""1"" },  ""2tekst"" : { ""S"" : ""1"" },  ""3dilemma"" : { ""S"" : ""1"" },  ""3harDu"" : { ""S"" : ""3"" },  ""3hotOrNot"" : { ""S"" : ""3"" },  ""3tekst"" : { ""S"" : ""1"" },  ""4dilemma"" : { ""S"" : ""3"" },  ""4hotOrNot"" : { ""S"" : ""0"" },  ""4tekst"" : { ""S"" : ""1"" },  ""5hotOrNot"" : { ""S"" : ""3"" },  ""6hotOrNot"" : { ""S"" : ""3"" }}","2017-09-20 12:03:44.190546","0","64.841"
"161547697757517","{  ""1dilemma"" : { ""S"" : ""3"" },  ""1etisk"" : { ""S"" : ""3"" },  ""1harDu"" : { ""S"" : ""3"" },  ""1hotOrNot"" : { ""S"" : ""3"" },  ""1tekst"" : { ""S"" : ""2"" },  ""2dilemma"" : { ""S"" : ""3"" },  ""2harDu"" : { ""S"" : ""2"" },  ""2hotOrNot"" : { ""S"" : ""3"" },  ""2tekst"" : { ""S"" : ""2"" },  ""3dilemma"" : { ""S"" : ""1"" },  ""3harDu"" : { ""S"" : ""2"" },  ""3hotOrNot"" : { ""S"" : ""3"" },  ""3tekst"" : { ""S"" : ""3"" },  ""4dilemma"" : { ""S"" : ""3"" },  ""4hotOrNot"" : { ""S"" : ""3"" },  ""4tekst"" : { ""S"" : ""1"" },  ""5hotOrNot"" : { ""S"" : ""1"" },  ""6hotOrNot"" : { ""S"" : ""1"" }}","2017-09-21 09:41:37.897901","0","64.47"
"131240974267778","{  ""1dilemma"" : { ""S"" : ""1"" },  ""1etisk"" : { ""S"" : ""1"" },  ""1harDu"" : { ""S"" : ""0"" },  ""1hotOrNot"" : { ""S"" : ""3"" },  ""1tekst"" : { ""S"" : ""2"" },  ""2dilemma"" : { ""S"" : ""1"" },  ""2harDu"" : { ""S"" : ""3"" },  ""2hotOrNot"" : { ""S"" : ""1"" },  ""2tekst"" : { ""S"" : ""3"" },  ""3dilemma"" : { ""S"" : ""3"" },  ""3harDu"" : { ""S"" : ""2"" },  ""3hotOrNot"" : { ""S"" : ""1"" },  ""3tekst"" : { ""S"" : ""3"" },  ""4dilemma"" : { ""S"" : ""3"" },  ""4hotOrNot"" : { ""S"" : ""1"" },  ""4tekst"" : { ""S"" : ""3"" },  ""5hotOrNot"" : { ""S"" : ""1"" },  ""6hotOrNot"" : { ""S"" : ""3"" }}","2017-10-05 00:37:11.894038","0","57.655"
"272470123244790","{  ""1dilemma"" : { ""S"" : ""1"" },  ""1etisk"" : { ""S"" : ""3"" },  ""1harDu"" : { ""S"" : ""1"" },  ""1hotOrNot"" : { ""S"" : ""3"" },  ""1tekst"" : { ""S"" : ""2"" },  ""2dilemma"" : { ""S"" : ""1"" },  ""2harDu"" : { ""S"" : ""1"" },  ""2hotOrNot"" : { ""S"" : ""3"" },  ""2tekst"" : { ""S"" : ""1"" },  ""3dilemma"" : { ""S"" : ""3"" },  ""3harDu"" : { ""S"" : ""1"" },  ""3hotOrNot"" : { ""S"" : ""3"" },  ""3tekst"" : { ""S"" : ""2"" },  ""4dilemma"" : { ""S"" : ""3"" },  ""4hotOrNot"" : { ""S"" : ""3"" },  ""4tekst"" : { ""S"" : ""2"" },  ""5hotOrNot"" : { ""S"" : ""3"" },  ""6hotOrNot"" : { ""S"" : ""1"" }}","2017-09-21 12:58:21.297194","0","69.632"
"136396657001349","{  ""1dilemma"" : { ""S"" : ""1"" },  ""1etisk"" : { ""S"" : ""1"" },  ""1harDu"" : { ""S"" : ""2"" },  ""1hotOrNot"" : { ""S"" : ""3"" },  ""1tekst"" : { ""S"" : ""3"" },  ""2dilemma"" : { ""S"" : ""1"" },  ""2harDu"" : { ""S"" : ""1"" },  ""2hotOrNot"" : { ""S"" : ""3"" },  ""2tekst"" : { ""S"" : ""3"" },  ""3dilemma"" : { ""S"" : ""1"" },  ""3harDu"" : { ""S"" : ""2"" },  ""3hotOrNot"" : { ""S"" : ""3"" },  ""3tekst"" : { ""S"" : ""3"" },  ""4dilemma"" : { ""S"" : ""1"" },  ""4hotOrNot"" : { ""S"" : ""3"" },  ""4tekst"" : { ""S"" : ""2"" },  ""5hotOrNot"" : { ""S"" : ""1"" },  ""6hotOrNot"" : { ""S"" : ""1"" }}","2017-10-05 13:30:47.921242","0","66.941"
"171532673424184","{  ""1dilemma"" : { ""S"" : ""3"" },  ""1etisk"" : { ""S"" : ""3"" },  ""1harDu"" : { ""S"" : ""3"" },  ""1hotOrNot"" : { ""S"" : ""3"" },  ""1tekst"" : { ""S"" : ""2"" },  ""2dilemma"" : { ""S"" : ""3"" },  ""2harDu"" : { ""S"" : ""2"" },  ""2hotOrNot"" : { ""S"" : ""1"" },  ""2tekst"" : { ""S"" : ""1"" },  ""3dilemma"" : { ""S"" : ""3"" },  ""3harDu"" : { ""S"" : ""2"" },  ""3hotOrNot"" : { ""S"" : ""3"" },  ""3tekst"" : { ""S"" : ""2"" },  ""4dilemma"" : { ""S"" : ""3"" },  ""4hotOrNot"" : { ""S"" : ""3"" },  ""4tekst"" : { ""S"" : ""1"" },  ""5hotOrNot"" : { ""S"" : ""3"" },  ""6hotOrNot"" : { ""S"" : ""1"" }}","2017-09-20 12:02:21.308779","0","61.401"
"1807281369287606","{  ""1dilemma"" : { ""S"" : ""3"" },  ""1etisk"" : { ""S"" : ""2"" },  ""1harDu"" : { ""S"" : ""3"" },  ""1hotOrNot"" : { ""S"" : ""1"" },  ""1tekst"" : { ""S"" : ""3"" },  ""2dilemma"" : { ""S"" : ""1"" },  ""2harDu"" : { ""S"" : ""3"" },  ""2hotOrNot"" : { ""S"" : ""3"" },  ""2tekst"" : { ""S"" : ""2"" },  ""3dilemma"" : { ""S"" : ""1"" },  ""3harDu"" : { ""S"" : ""3"" },  ""3hotOrNot"" : { ""S"" : ""3"" },  ""3tekst"" : { ""S"" : ""1"" },  ""4dilemma"" : { ""S"" : ""3"" },  ""4hotOrNot"" : { ""S"" : ""1"" },  ""4tekst"" : { ""S"" : ""1"" },  ""5hotOrNot"" : { ""S"" : ""3"" },  ""6hotOrNot"" : { ""S"" : ""3"" }}","2017-09-12 12:14:47.730213","0","58.391"
"116770799021337","{  ""1dilemma"" : { ""S"" : ""3"" },  ""1etisk"" : { ""S"" : ""3"" },  ""1harDu"" : { ""S"" : ""2"" },  ""1hotOrNot"" : { ""S"" : ""1"" },  ""1tekst"" : { ""S"" : ""2"" },  ""2dilemma"" : { ""S"" : ""1"" },  ""2harDu"" : { ""S"" : ""2"" },  ""2hotOrNot"" : { ""S"" : ""1"" },  ""2tekst"" : { ""S"" : ""3"" },  ""3dilemma"" : { ""S"" : ""3"" },  ""3harDu"" : { ""S"" : ""3"" },  ""3hotOrNot"" : { ""S"" : ""3"" },  ""3tekst"" : { ""S"" : ""1"" },  ""4dilemma"" : { ""S"" : ""1"" },  ""4hotOrNot"" : { ""S"" : ""3"" },  ""4tekst"" : { ""S"" : ""2"" },  ""5hotOrNot"" : { ""S"" : ""1"" },  ""6hotOrNot"" : { ""S"" : ""3"" }}","2017-09-12 11:56:21.089741","0","69.345"
"1509252535821277","{  ""1dilemma"" : { ""S"" : ""3"" },  ""1etisk"" : { ""S"" : ""2"" },  ""1harDu"" : { ""S"" : ""3"" },  ""1hotOrNot"" : { ""S"" : ""3"" },  ""1tekst"" : { ""S"" : ""3"" },  ""2dilemma"" : { ""S"" : ""1"" },  ""2harDu"" : { ""S"" : ""2"" },  ""2hotOrNot"" : { ""S"" : ""3"" },  ""2tekst"" : { ""S"" : ""1"" },  ""3dilemma"" : { ""S"" : ""3"" },  ""3harDu"" : { ""S"" : ""2"" },  ""3hotOrNot"" : { ""S"" : ""3"" },  ""3tekst"" : { ""S"" : ""3"" },  ""4dilemma"" : { ""S"" : ""3"" },  ""4hotOrNot"" : { ""S"" : ""0"" },  ""4tekst"" : { ""S"" : ""3"" },  ""5hotOrNot"" : { ""S"" : ""3"" },  ""6hotOrNot"" : { ""S"" : ""1"" }}","2017-09-13 12:28:29.827411","0","71.105"
"580427142081476","{  ""1dilemma"" : { ""S"" : ""3"" },  ""1etisk"" : { ""S"" : ""3"" },  ""1harDu"" : { ""S"" : ""2"" },  ""1hotOrNot"" : { ""S"" : ""1"" },  ""1tekst"" : { ""S"" : ""3"" },  ""2dilemma"" : { ""S"" : ""1"" },  ""2harDu"" : { ""S"" : ""1"" },  ""2hotOrNot"" : { ""S"" : ""1"" },  ""2tekst"" : { ""S"" : ""1"" },  ""3dilemma"" : { ""S"" : ""1"" },  ""3harDu"" : { ""S"" : ""2"" },  ""3hotOrNot"" : { ""S"" : ""1"" },  ""3tekst"" : { ""S"" : ""3"" },  ""4dilemma"" : { ""S"" : ""3"" },  ""4hotOrNot"" : { ""S"" : ""1"" },  ""4tekst"" : { ""S"" : ""1"" },  ""5hotOrNot"" : { ""S"" : ""1"" },  ""6hotOrNot"" : { ""S"" : ""3"" }}","2017-10-05 23:31:22.617089","0","67.223"
"288081731677230","{  ""1dilemma"" : { ""S"" : ""3"" },  ""1etisk"" : { ""S"" : ""1"" },  ""1harDu"" : { ""S"" : ""3"" },  ""1hotOrNot"" : { ""S"" : ""3"" },  ""1tekst"" : { ""S"" : ""2"" },  ""2dilemma"" : { ""S"" : ""1"" },  ""2harDu"" : { ""S"" : ""2"" },  ""2hotOrNot"" : { ""S"" : ""3"" },  ""2tekst"" : { ""S"" : ""0"" },  ""3dilemma"" : { ""S"" : ""0"" },  ""3harDu"" : { ""S"" : ""2"" },  ""3hotOrNot"" : { ""S"" : ""3"" },  ""3tekst"" : { ""S"" : ""3"" },  ""4dilemma"" : { ""S"" : ""1"" },  ""4hotOrNot"" : { ""S"" : ""1"" },  ""4tekst"" : { ""S"" : ""1"" },  ""5hotOrNot"" : { ""S"" : ""1"" },  ""6hotOrNot"" : { ""S"" : ""3"" }}","2017-10-05 22:35:40.134894","0","71.21"
"1739792706314815","{  ""1dilemma"" : { ""S"" : ""3"" },  ""1etisk"" : { ""S"" : ""3"" },  ""1harDu"" : { ""S"" : ""0"" },  ""1hotOrNot"" : { ""S"" : ""3"" },  ""1tekst"" : { ""S"" : ""2"" },  ""2dilemma"" : { ""S"" : ""3"" },  ""2harDu"" : { ""S"" : ""3"" },  ""2hotOrNot"" : { ""S"" : ""3"" },  ""2tekst"" : { ""S"" : ""2"" },  ""3dilemma"" : { ""S"" : ""3"" },  ""3harDu"" : { ""S"" : ""3"" },  ""3hotOrNot"" : { ""S"" : ""3"" },  ""3tekst"" : { ""S"" : ""1"" },  ""4dilemma"" : { ""S"" : ""1"" },  ""4hotOrNot"" : { ""S"" : ""1"" },  ""4tekst"" : { ""S"" : ""2"" },  ""5hotOrNot"" : { ""S"" : ""3"" },  ""6hotOrNot"" : { ""S"" : ""0"" }}","2017-09-12 13:38:31.592288","0","59.244"
"216617185537644","{  ""1dilemma"" : { ""S"" : ""3"" },  ""1etisk"" : { ""S"" : ""2"" },  ""1harDu"" : { ""S"" : ""3"" },  ""1hotOrNot"" : { ""S"" : ""3"" },  ""1tekst"" : { ""S"" : ""2"" },  ""2dilemma"" : { ""S"" : ""1"" },  ""2harDu"" : { ""S"" : ""2"" },  ""2hotOrNot"" : { ""S"" : ""3"" },  ""2tekst"" : { ""S"" : ""2"" },  ""3dilemma"" : { ""S"" : ""3"" },  ""3harDu"" : { ""S"" : ""2"" },  ""3hotOrNot"" : { ""S"" : ""1"" },  ""3tekst"" : { ""S"" : ""2"" },  ""4dilemma"" : { ""S"" : ""1"" },  ""4hotOrNot"" : { ""S"" : ""3"" },  ""4tekst"" : { ""S"" : ""3"" },  ""5hotOrNot"" : { ""S"" : ""1"" },  ""6hotOrNot"" : { ""S"" : ""1"" }}","2017-09-11 11:46:02.527869","0","50.971"
"1574729569216017","{  ""1dilemma"" : { ""S"" : ""3"" },  ""1etisk"" : { ""S"" : ""2"" },  ""1harDu"" : { ""S"" : ""1"" },  ""1hotOrNot"" : { ""S"" : ""3"" },  ""1tekst"" : { ""S"" : ""3"" },  ""2dilemma"" : { ""S"" : ""1"" },  ""2harDu"" : { ""S"" : ""1"" },  ""2hotOrNot"" : { ""S"" : ""1"" },  ""2tekst"" : { ""S"" : ""2"" },  ""3dilemma"" : { ""S"" : ""3"" },  ""3harDu"" : { ""S"" : ""2"" },  ""3hotOrNot"" : { ""S"" : ""3"" },  ""3tekst"" : { ""S"" : ""2"" },  ""4dilemma"" : { ""S"" : ""3"" },  ""4hotOrNot"" : { ""S"" : ""3"" },  ""4tekst"" : { ""S"" : ""2"" },  ""5hotOrNot"" : { ""S"" : ""3"" },  ""6hotOrNot"" : { ""S"" : ""3"" }}","2017-10-06 01:05:46.376656","0","55.32"
"1564301523625935","{  ""1dilemma"" : { ""S"" : ""1"" },  ""1etisk"" : { ""S"" : ""3"" },  ""1harDu"" : { ""S"" : ""3"" },  ""1hotOrNot"" : { ""S"" : ""3"" },  ""1tekst"" : { ""S"" : ""1"" },  ""2dilemma"" : { ""S"" : ""1"" },  ""2harDu"" : { ""S"" : ""1"" },  ""2hotOrNot"" : { ""S"" : ""1"" },  ""2tekst"" : { ""S"" : ""2"" },  ""3dilemma"" : { ""S"" : ""3"" },  ""3harDu"" : { ""S"" : ""3"" },  ""3hotOrNot"" : { ""S"" : ""1"" },  ""3tekst"" : { ""S"" : ""2"" },  ""4dilemma"" : { ""S"" : ""1"" },  ""4hotOrNot"" : { ""S"" : ""1"" },  ""4tekst"" : { ""S"" : ""3"" },  ""5hotOrNot"" : { ""S"" : ""1"" },  ""6hotOrNot"" : { ""S"" : ""3"" }}","2017-09-29 12:55:31.058248","0","74.802"
"2064915427128109","{  ""1dilemma"" : { ""S"" : ""1"" },  ""1etisk"" : { ""S"" : ""2"" },  ""1harDu"" : { ""S"" : ""3"" },  ""1hotOrNot"" : { ""S"" : ""3"" },  ""1tekst"" : { ""S"" : ""3"" },  ""2dilemma"" : { ""S"" : ""1"" },  ""2harDu"" : { ""S"" : ""3"" },  ""2hotOrNot"" : { ""S"" : ""3"" },  ""2tekst"" : { ""S"" : ""3"" },  ""3dilemma"" : { ""S"" : ""3"" },  ""3harDu"" : { ""S"" : ""3"" },  ""3hotOrNot"" : { ""S"" : ""3"" },  ""3tekst"" : { ""S"" : ""1"" },  ""4dilemma"" : { ""S"" : ""1"" },  ""4hotOrNot"" : { ""S"" : ""3"" },  ""4tekst"" : { ""S"" : ""2"" },  ""5hotOrNot"" : { ""S"" : ""1"" },  ""6hotOrNot"" : { ""S"" : ""3"" }}","2017-09-20 13:32:00.450574","0","70.145"
"165741387314403","{  ""1dilemma"" : { ""S"" : ""1"" },  ""1etisk"" : { ""S"" : ""1"" },  ""1harDu"" : { ""S"" : ""2"" },  ""1hotOrNot"" : { ""S"" : ""3"" },  ""1tekst"" : { ""S"" : ""3"" },  ""2dilemma"" : { ""S"" : ""3"" },  ""2harDu"" : { ""S"" : ""3"" },  ""2hotOrNot"" : { ""S"" : ""3"" },  ""2tekst"" : { ""S"" : ""3"" },  ""3dilemma"" : { ""S"" : ""3"" },  ""3harDu"" : { ""S"" : ""2"" },  ""3hotOrNot"" : { ""S"" : ""3"" },  ""3tekst"" : { ""S"" : ""2"" },  ""4dilemma"" : { ""S"" : ""3"" },  ""4hotOrNot"" : { ""S"" : ""1"" },  ""4tekst"" : { ""S"" : ""2"" },  ""5hotOrNot"" : { ""S"" : ""1"" },  ""6hotOrNot"" : { ""S"" : ""3"" }}","2017-09-12 12:20:09.250783","0","72.825"
"1396979797066244","{  ""1dilemma"" : { ""S"" : ""1"" },  ""1etisk"" : { ""S"" : ""2"" },  ""1harDu"" : { ""S"" : ""2"" },  ""1hotOrNot"" : { ""S"" : ""1"" },  ""1tekst"" : { ""S"" : ""3"" },  ""2dilemma"" : { ""S"" : ""1"" },  ""2harDu"" : { ""S"" : ""1"" },  ""2hotOrNot"" : { ""S"" : ""3"" },  ""2tekst"" : { ""S"" : ""2"" },  ""3dilemma"" : { ""S"" : ""3"" },  ""3harDu"" : { ""S"" : ""3"" },  ""3hotOrNot"" : { ""S"" : ""1"" },  ""3tekst"" : { ""S"" : ""2"" },  ""4dilemma"" : { ""S"" : ""3"" },  ""4hotOrNot"" : { ""S"" : ""3"" },  ""4tekst"" : { ""S"" : ""3"" },  ""5hotOrNot"" : { ""S"" : ""3"" },  ""6hotOrNot"" : { ""S"" : ""1"" }}","2017-09-12 09:55:16.791369","0","62.834"
"247876935734298","{  ""1dilemma"" : { ""S"" : ""1"" },  ""1etisk"" : { ""S"" : ""2"" },  ""1harDu"" : { ""S"" : ""2"" },  ""1hotOrNot"" : { ""S"" : ""1"" },  ""1tekst"" : { ""S"" : ""3"" },  ""2dilemma"" : { ""S"" : ""3"" },  ""2harDu"" : { ""S"" : ""1"" },  ""2hotOrNot"" : { ""S"" : ""1"" },  ""2tekst"" : { ""S"" : ""1"" },  ""3dilemma"" : { ""S"" : ""3"" },  ""3harDu"" : { ""S"" : ""2"" },  ""3hotOrNot"" : { ""S"" : ""1"" },  ""3tekst"" : { ""S"" : ""2"" },  ""4dilemma"" : { ""S"" : ""3"" },  ""4hotOrNot"" : { ""S"" : ""3"" },  ""4tekst"" : { ""S"" : ""1"" },  ""5hotOrNot"" : { ""S"" : ""3"" },  ""6hotOrNot"" : { ""S"" : ""1"" }}","2017-09-21 13:29:02.417964","0","66.469"
"119739632022284","{  ""1dilemma"" : { ""S"" : ""3"" },  ""1etisk"" : { ""S"" : ""1"" },  ""1harDu"" : { ""S"" : ""3"" },  ""1hotOrNot"" : { ""S"" : ""3"" },  ""1tekst"" : { ""S"" : ""1"" },  ""2dilemma"" : { ""S"" : ""3"" },  ""2harDu"" : { ""S"" : ""3"" },  ""2hotOrNot"" : { ""S"" : ""1"" },  ""2tekst"" : { ""S"" : ""1"" },  ""3dilemma"" : { ""S"" : ""3"" },  ""3harDu"" : { ""S"" : ""2"" },  ""3hotOrNot"" : { ""S"" : ""3"" },  ""3tekst"" : { ""S"" : ""1"" },  ""4dilemma"" : { ""S"" : ""3"" },  ""4hotOrNot"" : { ""S"" : ""3"" },  ""4tekst"" : { ""S"" : ""2"" },  ""5hotOrNot"" : { ""S"" : ""3"" },  ""6hotOrNot"" : { ""S"" : ""3"" }}","2017-09-12 10:34:07.970046","0","64.263"
"155299561725076","{  ""1dilemma"" : { ""S"" : ""1"" },  ""1etisk"" : { ""S"" : ""3"" },  ""1harDu"" : { ""S"" : ""1"" },  ""1hotOrNot"" : { ""S"" : ""3"" },  ""1tekst"" : { ""S"" : ""2"" },  ""2dilemma"" : { ""S"" : ""1"" },  ""2harDu"" : { ""S"" : ""3"" },  ""2hotOrNot"" : { ""S"" : ""3"" },  ""2tekst"" : { ""S"" : ""3"" },  ""3dilemma"" : { ""S"" : ""1"" },  ""3harDu"" : { ""S"" : ""3"" },  ""3hotOrNot"" : { ""S"" : ""3"" },  ""3tekst"" : { ""S"" : ""1"" },  ""4dilemma"" : { ""S"" : ""1"" },  ""4hotOrNot"" : { ""S"" : ""1"" },  ""4tekst"" : { ""S"" : ""1"" },  ""5hotOrNot"" : { ""S"" : ""3"" },  ""6hotOrNot"" : { ""S"" : ""1"" }}","2017-09-12 11:45:14.390818","0","65.222"
"516114338727313","{  ""1dilemma"" : { ""S"" : ""1"" },  ""1etisk"" : { ""S"" : ""2"" },  ""1harDu"" : { ""S"" : ""0"" },  ""1hotOrNot"" : { ""S"" : ""1"" },  ""1tekst"" : { ""S"" : ""1"" },  ""2dilemma"" : { ""S"" : ""1"" },  ""2harDu"" : { ""S"" : ""3"" },  ""2hotOrNot"" : { ""S"" : ""0"" },  ""2tekst"" : { ""S"" : ""1"" },  ""3dilemma"" : { ""S"" : ""1"" },  ""3harDu"" : { ""S"" : ""3"" },  ""3hotOrNot"" : { ""S"" : ""1"" },  ""3tekst"" : { ""S"" : ""2"" },  ""4dilemma"" : { ""S"" : ""3"" },  ""4hotOrNot"" : { ""S"" : ""3"" },  ""4tekst"" : { ""S"" : ""2"" },  ""5hotOrNot"" : { ""S"" : ""1"" },  ""6hotOrNot"" : { ""S"" : ""1"" }}","2017-10-05 18:41:51.581633","0","69.56"
"118830638812958","{  ""1dilemma"" : { ""S"" : ""3"" },  ""1etisk"" : { ""S"" : ""2"" },  ""1harDu"" : { ""S"" : ""2"" },  ""1hotOrNot"" : { ""S"" : ""3"" },  ""1tekst"" : { ""S"" : ""2"" },  ""2dilemma"" : { ""S"" : ""1"" },  ""2harDu"" : { ""S"" : ""2"" },  ""2hotOrNot"" : { ""S"" : ""1"" },  ""2tekst"" : { ""S"" : ""3"" },  ""3dilemma"" : { ""S"" : ""3"" },  ""3harDu"" : { ""S"" : ""2"" },  ""3hotOrNot"" : { ""S"" : ""3"" },  ""3tekst"" : { ""S"" : ""2"" },  ""4dilemma"" : { ""S"" : ""3"" },  ""4hotOrNot"" : { ""S"" : ""3"" },  ""4tekst"" : { ""S"" : ""2"" },  ""5hotOrNot"" : { ""S"" : ""1"" },  ""6hotOrNot"" : { ""S"" : ""3"" }}","2017-10-06 00:20:27.856429","0","62.023"
"176484119563868","{  ""1dilemma"" : { ""S"" : ""3"" },  ""1etisk"" : { ""S"" : ""1"" },  ""1harDu"" : { ""S"" : ""2"" },  ""1hotOrNot"" : { ""S"" : ""3"" },  ""1tekst"" : { ""S"" : ""2"" },  ""2dilemma"" : { ""S"" : ""3"" },  ""2harDu"" : { ""S"" : ""2"" },  ""2hotOrNot"" : { ""S"" : ""3"" },  ""2tekst"" : { ""S"" : ""3"" },  ""3dilemma"" : { ""S"" : ""1"" },  ""3harDu"" : { ""S"" : ""2"" },  ""3hotOrNot"" : { ""S"" : ""1"" },  ""3tekst"" : { ""S"" : ""2"" },  ""4dilemma"" : { ""S"" : ""1"" },  ""4hotOrNot"" : { ""S"" : ""1"" },  ""4tekst"" : { ""S"" : ""1"" },  ""5hotOrNot"" : { ""S"" : ""3"" },  ""6hotOrNot"" : { ""S"" : ""3"" }}","2017-09-20 10:39:16.672860","0","74.242"
"124485444962465","{  ""1dilemma"" : { ""S"" : ""3"" },  ""1etisk"" : { ""S"" : ""2"" },  ""1harDu"" : { ""S"" : ""3"" },  ""1hotOrNot"" : { ""S"" : ""1"" },  ""1tekst"" : { ""S"" : ""3"" },  ""2dilemma"" : { ""S"" : ""3"" },  ""2harDu"" : { ""S"" : ""3"" },  ""2hotOrNot"" : { ""S"" : ""1"" },  ""2tekst"" : { ""S"" : ""3"" },  ""3dilemma"" : { ""S"" : ""3"" },  ""3harDu"" : { ""S"" : ""3"" },  ""3hotOrNot"" : { ""S"" : ""3"" },  ""3tekst"" : { ""S"" : ""2"" },  ""4dilemma"" : { ""S"" : ""3"" },  ""4hotOrNot"" : { ""S"" : ""0"" },  ""4tekst"" : { ""S"" : ""1"" },  ""5hotOrNot"" : { ""S"" : ""1"" },  ""6hotOrNot"" : { ""S"" : ""3"" }}","2017-09-21 12:35:53.517831","0","57.749"
"131731220811247","{  ""1dilemma"" : { ""S"" : ""1"" },  ""1etisk"" : { ""S"" : ""3"" },  ""1harDu"" : { ""S"" : ""0"" },  ""1hotOrNot"" : { ""S"" : ""1"" },  ""1tekst"" : { ""S"" : ""2"" },  ""2dilemma"" : { ""S"" : ""3"" },  ""2harDu"" : { ""S"" : ""2"" },  ""2hotOrNot"" : { ""S"" : ""3"" },  ""2tekst"" : { ""S"" : ""1"" },  ""3dilemma"" : { ""S"" : ""1"" },  ""3harDu"" : { ""S"" : ""2"" },  ""3hotOrNot"" : { ""S"" : ""0"" },  ""3tekst"" : { ""S"" : ""2"" },  ""4dilemma"" : { ""S"" : ""1"" },  ""4hotOrNot"" : { ""S"" : ""0"" },  ""4tekst"" : { ""S"" : ""1"" },  ""5hotOrNot"" : { ""S"" : ""3"" },  ""6hotOrNot"" : { ""S"" : ""1"" }}","2017-10-05 23:32:47.095834","0","64.759"
"120656438604625","{  ""1dilemma"" : { ""S"" : ""0"" },  ""1etisk"" : { ""S"" : ""1"" },  ""1harDu"" : { ""S"" : ""3"" },  ""1hotOrNot"" : { ""S"" : ""3"" },  ""1tekst"" : { ""S"" : ""2"" },  ""2dilemma"" : { ""S"" : ""1"" },  ""2harDu"" : { ""S"" : ""3"" },  ""2hotOrNot"" : { ""S"" : ""3"" },  ""2tekst"" : { ""S"" : ""3"" },  ""3dilemma"" : { ""S"" : ""1"" },  ""3harDu"" : { ""S"" : ""3"" },  ""3hotOrNot"" : { ""S"" : ""3"" },  ""3tekst"" : { ""S"" : ""2"" },  ""4dilemma"" : { ""S"" : ""0"" },  ""4hotOrNot"" : { ""S"" : ""0"" },  ""4tekst"" : { ""S"" : ""2"" },  ""5hotOrNot"" : { ""S"" : ""3"" },  ""6hotOrNot"" : { ""S"" : ""3"" }}","2017-10-05 22:37:23.097947","0","74.434"
"2047064265307554","{  ""1dilemma"" : { ""S"" : ""3"" },  ""1etisk"" : { ""S"" : ""3"" },  ""1harDu"" : { ""S"" : ""1"" },  ""1hotOrNot"" : { ""S"" : ""3"" },  ""1tekst"" : { ""S"" : ""2"" },  ""2dilemma"" : { ""S"" : ""1"" },  ""2harDu"" : { ""S"" : ""3"" },  ""2hotOrNot"" : { ""S"" : ""1"" },  ""2tekst"" : { ""S"" : ""1"" },  ""3dilemma"" : { ""S"" : ""3"" },  ""3harDu"" : { ""S"" : ""3"" },  ""3hotOrNot"" : { ""S"" : ""3"" },  ""3tekst"" : { ""S"" : ""1"" },  ""4dilemma"" : { ""S"" : ""1"" },  ""4hotOrNot"" : { ""S"" : ""3"" },  ""4tekst"" : { ""S"" : ""2"" },  ""5hotOrNot"" : { ""S"" : ""3"" },  ""6hotOrNot"" : { ""S"" : ""1"" }}","2017-10-05 23:14:40.156719","0","55.969"
"303522013458283","{  ""1dilemma"" : { ""S"" : ""3"" },  ""1etisk"" : { ""S"" : ""3"" },  ""1harDu"" : { ""S"" : ""0"" },  ""1hotOrNot"" : { ""S"" : ""3"" },  ""1tekst"" : { ""S"" : ""1"" },  ""2dilemma"" : { ""S"" : ""3"" },  ""2harDu"" : { ""S"" : ""2"" },  ""2hotOrNot"" : { ""S"" : ""3"" },  ""2tekst"" : { ""S"" : ""3"" },  ""3dilemma"" : { ""S"" : ""3"" },  ""3harDu"" : { ""S"" : ""3"" },  ""3hotOrNot"" : { ""S"" : ""3"" },  ""3tekst"" : { ""S"" : ""2"" },  ""4dilemma"" : { ""S"" : ""1"" },  ""4hotOrNot"" : { ""S"" : ""1"" },  ""4tekst"" : { ""S"" : ""3"" },  ""5hotOrNot"" : { ""S"" : ""3"" },  ""6hotOrNot"" : { ""S"" : ""3"" }}","2017-10-06 00:17:36.154876","0","67.813"
"1655576954498711","{  ""1dilemma"" : { ""S"" : ""1"" },  ""1etisk"" : { ""S"" : ""3"" },  ""1harDu"" : { ""S"" : ""1"" },  ""1hotOrNot"" : { ""S"" : ""1"" },  ""1tekst"" : { ""S"" : ""3"" },  ""2dilemma"" : { ""S"" : ""1"" },  ""2harDu"" : { ""S"" : ""1"" },  ""2hotOrNot"" : { ""S"" : ""1"" },  ""2tekst"" : { ""S"" : ""1"" },  ""3dilemma"" : { ""S"" : ""3"" },  ""3harDu"" : { ""S"" : ""1"" },  ""3hotOrNot"" : { ""S"" : ""1"" },  ""3tekst"" : { ""S"" : ""1"" },  ""4dilemma"" : { ""S"" : ""3"" },  ""4hotOrNot"" : { ""S"" : ""1"" },  ""4tekst"" : { ""S"" : ""1"" },  ""5hotOrNot"" : { ""S"" : ""1"" },  ""6hotOrNot"" : { ""S"" : ""1"" }}","2017-10-06 00:58:39.576512","0","54.287"
"493606137667925","{  ""1dilemma"" : { ""S"" : ""3"" },  ""1etisk"" : { ""S"" : ""3"" },  ""1harDu"" : { ""S"" : ""2"" },  ""1hotOrNot"" : { ""S"" : ""1"" },  ""1tekst"" : { ""S"" : ""2"" },  ""2dilemma"" : { ""S"" : ""3"" },  ""2harDu"" : { ""S"" : ""1"" },  ""2hotOrNot"" : { ""S"" : ""3"" },  ""2tekst"" : { ""S"" : ""2"" },  ""3dilemma"" : { ""S"" : ""3"" },  ""3harDu"" : { ""S"" : ""3"" },  ""3hotOrNot"" : { ""S"" : ""3"" },  ""3tekst"" : { ""S"" : ""2"" },  ""4dilemma"" : { ""S"" : ""3"" },  ""4hotOrNot"" : { ""S"" : ""1"" },  ""4tekst"" : { ""S"" : ""2"" },  ""5hotOrNot"" : { ""S"" : ""1"" },  ""6hotOrNot"" : { ""S"" : ""3"" }}","2017-09-28 20:02:49.814881","0","63.118"
"1930033057321453","{  ""1dilemma"" : { ""S"" : ""3"" },  ""1etisk"" : { ""S"" : ""2"" },  ""1harDu"" : { ""S"" : ""1"" },  ""1hotOrNot"" : { ""S"" : ""3"" },  ""1tekst"" : { ""S"" : ""1"" },  ""2dilemma"" : { ""S"" : ""1"" },  ""2harDu"" : { ""S"" : ""3"" },  ""2hotOrNot"" : { ""S"" : ""1"" },  ""2tekst"" : { ""S"" : ""1"" },  ""3dilemma"" : { ""S"" : ""1"" },  ""3harDu"" : { ""S"" : ""2"" },  ""3hotOrNot"" : { ""S"" : ""3"" },  ""3tekst"" : { ""S"" : ""1"" },  ""4dilemma"" : { ""S"" : ""3"" },  ""4hotOrNot"" : { ""S"" : ""1"" },  ""4tekst"" : { ""S"" : ""1"" },  ""5hotOrNot"" : { ""S"" : ""3"" },  ""6hotOrNot"" : { ""S"" : ""1"" }}","2017-10-06 00:19:02.136089","0","57.675"
"750342525169527","{  ""1dilemma"" : { ""S"" : ""3"" },  ""1etisk"" : { ""S"" : ""3"" },  ""1harDu"" : { ""S"" : ""3"" },  ""1hotOrNot"" : { ""S"" : ""1"" },  ""1tekst"" : { ""S"" : ""3"" },  ""2dilemma"" : { ""S"" : ""1"" },  ""2harDu"" : { ""S"" : ""3"" },  ""2hotOrNot"" : { ""S"" : ""1"" },  ""2tekst"" : { ""S"" : ""2"" },  ""3dilemma"" : { ""S"" : ""1"" },  ""3harDu"" : { ""S"" : ""2"" },  ""3hotOrNot"" : { ""S"" : ""3"" },  ""3tekst"" : { ""S"" : ""1"" },  ""4dilemma"" : { ""S"" : ""1"" },  ""4hotOrNot"" : { ""S"" : ""1"" },  ""4tekst"" : { ""S"" : ""2"" },  ""5hotOrNot"" : { ""S"" : ""3"" },  ""6hotOrNot"" : { ""S"" : ""3"" }}","2017-09-20 11:29:15.350334","0","66.261"
"373001819786035","{  ""1dilemma"" : { ""S"" : ""3"" },  ""1etisk"" : { ""S"" : ""2"" },  ""1harDu"" : { ""S"" : ""3"" },  ""1hotOrNot"" : { ""S"" : ""3"" },  ""1tekst"" : { ""S"" : ""3"" },  ""2dilemma"" : { ""S"" : ""1"" },  ""2harDu"" : { ""S"" : ""2"" },  ""2hotOrNot"" : { ""S"" : ""3"" },  ""2tekst"" : { ""S"" : ""1"" },  ""3dilemma"" : { ""S"" : ""1"" },  ""3harDu"" : { ""S"" : ""3"" },  ""3hotOrNot"" : { ""S"" : ""3"" },  ""3tekst"" : { ""S"" : ""2"" },  ""4dilemma"" : { ""S"" : ""3"" },  ""4hotOrNot"" : { ""S"" : ""1"" },  ""4tekst"" : { ""S"" : ""1"" },  ""5hotOrNot"" : { ""S"" : ""3"" },  ""6hotOrNot"" : { ""S"" : ""1"" }}","2017-09-10 21:44:43.506325","0","74.695"
"383163532114003","{  ""1dilemma"" : { ""S"" : ""3"" },  ""1etisk"" : { ""S"" : ""3"" },  ""1harDu"" : { ""S"" : ""1"" },  ""1hotOrNot"" : { ""S"" : ""3"" },  ""1tekst"" : { ""S"" : ""3"" },  ""2dilemma"" : { ""S"" : ""1"" },  ""2harDu"" : { ""S"" : ""3"" },  ""2hotOrNot"" : { ""S"" : ""3"" },  ""2tekst"" : { ""S"" : ""1"" },  ""3dilemma"" : { ""S"" : ""1"" },  ""3harDu"" : { ""S"" : ""2"" },  ""3hotOrNot"" : { ""S"" : ""3"" },  ""3tekst"" : { ""S"" : ""1"" },  ""4dilemma"" : { ""S"" : ""1"" },  ""4hotOrNot"" : { ""S"" : ""1"" },  ""4tekst"" : { ""S"" : ""1"" },  ""5hotOrNot"" : { ""S"" : ""3"" },  ""6hotOrNot"" : { ""S"" : ""1"" }}","2017-10-06 01:43:29.138760","0","72.206"
"1935927113345845","{  ""1dilemma"" : { ""S"" : ""3"" },  ""1etisk"" : { ""S"" : ""1"" },  ""1harDu"" : { ""S"" : ""3"" },  ""1hotOrNot"" : { ""S"" : ""3"" },  ""1tekst"" : { ""S"" : ""3"" },  ""2dilemma"" : { ""S"" : ""3"" },  ""2harDu"" : { ""S"" : ""1"" },  ""2hotOrNot"" : { ""S"" : ""1"" },  ""2tekst"" : { ""S"" : ""3"" },  ""3dilemma"" : { ""S"" : ""1"" },  ""3harDu"" : { ""S"" : ""2"" },  ""3hotOrNot"" : { ""S"" : ""1"" },  ""3tekst"" : { ""S"" : ""2"" },  ""4dilemma"" : { ""S"" : ""3"" },  ""4hotOrNot"" : { ""S"" : ""1"" },  ""4tekst"" : { ""S"" : ""2"" },  ""5hotOrNot"" : { ""S"" : ""3"" },  ""6hotOrNot"" : { ""S"" : ""1"" }}","2017-09-20 10:45:42.853171","0","68.372"
"1923997317626749","{  ""1dilemma"" : { ""S"" : ""1"" },  ""1etisk"" : { ""S"" : ""1"" },  ""1harDu"" : { ""S"" : ""3"" },  ""1hotOrNot"" : { ""S"" : ""3"" },  ""1tekst"" : { ""S"" : ""2"" },  ""2dilemma"" : { ""S"" : ""3"" },  ""2harDu"" : { ""S"" : ""3"" },  ""2hotOrNot"" : { ""S"" : ""3"" },  ""2tekst"" : { ""S"" : ""1"" },  ""3dilemma"" : { ""S"" : ""3"" },  ""3harDu"" : { ""S"" : ""2"" },  ""3hotOrNot"" : { ""S"" : ""3"" },  ""3tekst"" : { ""S"" : ""1"" },  ""4dilemma"" : { ""S"" : ""3"" },  ""4hotOrNot"" : { ""S"" : ""1"" },  ""4tekst"" : { ""S"" : ""3"" },  ""5hotOrNot"" : { ""S"" : ""1"" },  ""6hotOrNot"" : { ""S"" : ""1"" }}","2017-10-05 12:44:05.001792","0","61.667"
"121879821897638","{  ""1dilemma"" : { ""S"" : ""3"" },  ""1etisk"" : { ""S"" : ""3"" },  ""1harDu"" : { ""S"" : ""2"" },  ""1hotOrNot"" : { ""S"" : ""1"" },  ""1tekst"" : { ""S"" : ""1"" },  ""2dilemma"" : { ""S"" : ""3"" },  ""2harDu"" : { ""S"" : ""3"" },  ""2hotOrNot"" : { ""S"" : ""3"" },  ""2tekst"" : { ""S"" : ""1"" },  ""3dilemma"" : { ""S"" : ""1"" },  ""3harDu"" : { ""S"" : ""1"" },  ""3hotOrNot"" : { ""S"" : ""3"" },  ""3tekst"" : { ""S"" : ""1"" },  ""4dilemma"" : { ""S"" : ""3"" },  ""4hotOrNot"" : { ""S"" : ""1"" },  ""4tekst"" : { ""S"" : ""2"" },  ""5hotOrNot"" : { ""S"" : ""3"" },  ""6hotOrNot"" : { ""S"" : ""1"" }}","2017-10-05 23:07:18.658330","0","68.716"
"1488603141206763","{  ""1dilemma"" : { ""S"" : ""3"" },  ""1etisk"" : { ""S"" : ""3"" },  ""1harDu"" : { ""S"" : ""3"" },  ""1hotOrNot"" : { ""S"" : ""3"" },  ""1tekst"" : { ""S"" : ""1"" },  ""2dilemma"" : { ""S"" : ""1"" },  ""2harDu"" : { ""S"" : ""3"" },  ""2hotOrNot"" : { ""S"" : ""1"" },  ""2tekst"" : { ""S"" : ""1"" },  ""3dilemma"" : { ""S"" : ""3"" },  ""3harDu"" : { ""S"" : ""2"" },  ""3hotOrNot"" : { ""S"" : ""3"" },  ""3tekst"" : { ""S"" : ""1"" },  ""4dilemma"" : { ""S"" : ""1"" },  ""4hotOrNot"" : { ""S"" : ""3"" },  ""4tekst"" : { ""S"" : ""1"" },  ""5hotOrNot"" : { ""S"" : ""3"" },  ""6hotOrNot"" : { ""S"" : ""3"" }}","2017-10-05 13:16:13.861349","0","61.242"
"486411305056731","{  ""1dilemma"" : { ""S"" : ""3"" },  ""1etisk"" : { ""S"" : ""3"" },  ""1harDu"" : { ""S"" : ""1"" },  ""1hotOrNot"" : { ""S"" : ""3"" },  ""1tekst"" : { ""S"" : ""3"" },  ""2dilemma"" : { ""S"" : ""3"" },  ""2harDu"" : { ""S"" : ""1"" },  ""2hotOrNot"" : { ""S"" : ""3"" },  ""2tekst"" : { ""S"" : ""2"" },  ""3dilemma"" : { ""S"" : ""3"" },  ""3harDu"" : { ""S"" : ""1"" },  ""3hotOrNot"" : { ""S"" : ""3"" },  ""3tekst"" : { ""S"" : ""2"" },  ""4dilemma"" : { ""S"" : ""3"" },  ""4hotOrNot"" : { ""S"" : ""1"" },  ""4tekst"" : { ""S"" : ""1"" },  ""5hotOrNot"" : { ""S"" : ""3"" },  ""6hotOrNot"" : { ""S"" : ""1"" }}","2017-09-29 13:26:10.839169","0","63.395"
"120648078609927","{  ""1dilemma"" : { ""S"" : ""3"" },  ""1etisk"" : { ""S"" : ""1"" },  ""1harDu"" : { ""S"" : ""0"" },  ""1hotOrNot"" : { ""S"" : ""3"" },  ""1tekst"" : { ""S"" : ""3"" },  ""2dilemma"" : { ""S"" : ""3"" },  ""2harDu"" : { ""S"" : ""1"" },  ""2hotOrNot"" : { ""S"" : ""3"" },  ""2tekst"" : { ""S"" : ""2"" },  ""3dilemma"" : { ""S"" : ""0"" },  ""3harDu"" : { ""S"" : ""2"" },  ""3hotOrNot"" : { ""S"" : ""3"" },  ""3tekst"" : { ""S"" : ""3"" },  ""4dilemma"" : { ""S"" : ""3"" },  ""4hotOrNot"" : { ""S"" : ""3"" },  ""4tekst"" : { ""S"" : ""1"" },  ""5hotOrNot"" : { ""S"" : ""3"" },  ""6hotOrNot"" : { ""S"" : ""3"" }}","2017-10-05 01:28:17.196737","0","71.165"
"1915114832070940","{  ""1dilemma"" : { ""S"" : ""0"" },  ""1etisk"" : { ""S"" : ""1"" },  ""1harDu"" : { ""S"" : ""2"" },  ""1hotOrNot"" : { ""S"" : ""3"" },  ""1tekst"" : { ""S"" : ""3"" },  ""2dilemma"" : { ""S"" : ""1"" },  ""2harDu"" : { ""S"" : ""2"" },  ""2hotOrNot"" : { ""S"" : ""1"" },  ""2tekst"" : { ""S"" : ""2"" },  ""3dilemma"" : { ""S"" : ""3"" },  ""3harDu"" : { ""S"" : ""2"" },  ""3hotOrNot"" : { ""S"" : ""3"" },  ""3tekst"" : { ""S"" : ""3"" },  ""4dilemma"" : { ""S"" : ""3"" },  ""4hotOrNot"" : { ""S"" : ""1"" },  ""4tekst"" : { ""S"" : ""1"" },  ""5hotOrNot"" : { ""S"" : ""1"" },  ""6hotOrNot"" : { ""S"" : ""3"" }}","2017-09-21 14:34:45.356771","0","67.914"
"361043450992924","{  ""1dilemma"" : { ""S"" : ""3"" },  ""1etisk"" : { ""S"" : ""2"" },  ""1harDu"" : { ""S"" : ""2"" },  ""1hotOrNot"" : { ""S"" : ""3"" },  ""1tekst"" : { ""S"" : ""3"" },  ""2dilemma"" : { ""S"" : ""3"" },  ""2harDu"" : { ""S"" : ""3"" },  ""2hotOrNot"" : { ""S"" : ""0"" },  ""2tekst"" : { ""S"" : ""2"" },  ""3dilemma"" : { ""S"" : ""0"" },  ""3harDu"" : { ""S"" : ""2"" },  ""3hotOrNot"" : { ""S"" : ""0"" },  ""3tekst"" : { ""S"" : ""2"" },  ""4dilemma"" : { ""S"" : ""3"" },  ""4hotOrNot"" : { ""S"" : ""0"" },  ""4tekst"" : { ""S"" : ""2"" },  ""5hotOrNot"" : { ""S"" : ""0"" },  ""6hotOrNot"" : { ""S"" : ""3"" }}","2017-09-20 09:37:42.171391","0","67.627"
"416076452122399","{  ""1dilemma"" : { ""S"" : ""3"" },  ""1etisk"" : { ""S"" : ""2"" },  ""1harDu"" : { ""S"" : ""2"" },  ""1hotOrNot"" : { ""S"" : ""3"" },  ""1tekst"" : { ""S"" : ""3"" },  ""2dilemma"" : { ""S"" : ""1"" },  ""2harDu"" : { ""S"" : ""2"" },  ""2hotOrNot"" : { ""S"" : ""1"" },  ""2tekst"" : { ""S"" : ""2"" },  ""3dilemma"" : { ""S"" : ""1"" },  ""3harDu"" : { ""S"" : ""3"" },  ""3hotOrNot"" : { ""S"" : ""1"" },  ""3tekst"" : { ""S"" : ""1"" },  ""4dilemma"" : { ""S"" : ""3"" },  ""4hotOrNot"" : { ""S"" : ""1"" },  ""4tekst"" : { ""S"" : ""2"" },  ""5hotOrNot"" : { ""S"" : ""3"" },  ""6hotOrNot"" : { ""S"" : ""1"" }}","2017-09-28 16:06:40.814858","0","73.456"
"1991240197827958","{  ""1dilemma"" : { ""S"" : ""3"" },  ""1etisk"" : { ""S"" : ""3"" },  ""1harDu"" : { ""S"" : ""3"" },  ""1hotOrNot"" : { ""S"" : ""3"" },  ""1tekst"" : { ""S"" : ""3"" },  ""2dilemma"" : { ""S"" : ""1"" },  ""2harDu"" : { ""S"" : ""2"" },  ""2hotOrNot"" : { ""S"" : ""3"" },  ""2tekst"" : { ""S"" : ""2"" },  ""3dilemma"" : { ""S"" : ""0"" },  ""3harDu"" : { ""S"" : ""2"" },  ""3hotOrNot"" : { ""S"" : ""3"" },  ""3tekst"" : { ""S"" : ""3"" },  ""4dilemma"" : { ""S"" : ""1"" },  ""4hotOrNot"" : { ""S"" : ""0"" },  ""4tekst"" : { ""S"" : ""2"" },  ""5hotOrNot"" : { ""S"" : ""3"" },  ""6hotOrNot"" : { ""S"" : ""3"" }}","2017-10-05 23:26:54.876523","0","67.847"
"336576913436276","{  ""1dilemma"" : { ""S"" : ""3"" },  ""1etisk"" : { ""S"" : ""2"" },  ""1harDu"" : { ""S"" : ""3"" },  ""1hotOrNot"" : { ""S"" : ""3"" },  ""1tekst"" : { ""S"" : ""2"" },  ""2dilemma"" : { ""S"" : ""3"" },  ""2harDu"" : { ""S"" : ""2"" },  ""2hotOrNot"" : { ""S"" : ""1"" },  ""2tekst"" : { ""S"" : ""3"" },  ""3dilemma"" : { ""S"" : ""3"" },  ""3harDu"" : { ""S"" : ""2"" },  ""3hotOrNot"" : { ""S"" : ""3"" },  ""3tekst"" : { ""S"" : ""2"" },  ""4dilemma"" : { ""S"" : ""3"" },  ""4hotOrNot"" : { ""S"" : ""3"" },  ""4tekst"" : { ""S"" : ""1"" },  ""5hotOrNot"" : { ""S"" : ""3"" },  ""6hotOrNot"" : { ""S"" : ""1"" }}","2017-10-05 22:25:56.297837","0","59.351"
"137007970269932","{  ""1dilemma"" : { ""S"" : ""1"" },  ""1etisk"" : { ""S"" : ""1"" },  ""1harDu"" : { ""S"" : ""2"" },  ""1hotOrNot"" : { ""S"" : ""3"" },  ""1tekst"" : { ""S"" : ""2"" },  ""2dilemma"" : { ""S"" : ""1"" },  ""2harDu"" : { ""S"" : ""3"" },  ""2hotOrNot"" : { ""S"" : ""3"" },  ""2tekst"" : { ""S"" : ""3"" },  ""3dilemma"" : { ""S"" : ""0"" },  ""3harDu"" : { ""S"" : ""3"" },  ""3hotOrNot"" : { ""S"" : ""1"" },  ""3tekst"" : { ""S"" : ""3"" },  ""4dilemma"" : { ""S"" : ""3"" },  ""4hotOrNot"" : { ""S"" : ""3"" },  ""4tekst"" : { ""S"" : ""2"" },  ""5hotOrNot"" : { ""S"" : ""3"" },  ""6hotOrNot"" : { ""S"" : ""1"" }}","2017-10-06 00:56:58.597871","0","55.654"
"118056842207313","{  ""1dilemma"" : { ""S"" : ""3"" },  ""1etisk"" : { ""S"" : ""1"" },  ""1harDu"" : { ""S"" : ""3"" },  ""1hotOrNot"" : { ""S"" : ""3"" },  ""1tekst"" : { ""S"" : ""3"" },  ""2dilemma"" : { ""S"" : ""1"" },  ""2harDu"" : { ""S"" : ""3"" },  ""2hotOrNot"" : { ""S"" : ""3"" },  ""2tekst"" : { ""S"" : ""2"" },  ""3dilemma"" : { ""S"" : ""3"" },  ""3harDu"" : { ""S"" : ""2"" },  ""3hotOrNot"" : { ""S"" : ""3"" },  ""3tekst"" : { ""S"" : ""2"" },  ""4dilemma"" : { ""S"" : ""0"" },  ""4hotOrNot"" : { ""S"" : ""1"" },  ""4tekst"" : { ""S"" : ""1"" },  ""5hotOrNot"" : { ""S"" : ""3"" },  ""6hotOrNot"" : { ""S"" : ""1"" }}","2017-09-20 11:31:37.388989","0","66.737"
"295342420945785","{  ""1dilemma"" : { ""S"" : ""3"" },  ""1etisk"" : { ""S"" : ""3"" },  ""1harDu"" : { ""S"" : ""2"" },  ""1hotOrNot"" : { ""S"" : ""1"" },  ""1tekst"" : { ""S"" : ""1"" },  ""2dilemma"" : { ""S"" : ""3"" },  ""2harDu"" : { ""S"" : ""3"" },  ""2hotOrNot"" : { ""S"" : ""3"" },  ""2tekst"" : { ""S"" : ""1"" },  ""3dilemma"" : { ""S"" : ""1"" },  ""3harDu"" : { ""S"" : ""2"" },  ""3hotOrNot"" : { ""S"" : ""3"" },  ""3tekst"" : { ""S"" : ""3"" },  ""4dilemma"" : { ""S"" : ""1"" },  ""4hotOrNot"" : { ""S"" : ""3"" },  ""4tekst"" : { ""S"" : ""1"" },  ""5hotOrNot"" : { ""S"" : ""1"" },  ""6hotOrNot"" : { ""S"" : ""3"" }}","2017-09-12 12:41:46.611486","0","86.115"
"495188770867374","{  ""1dilemma"" : { ""S"" : ""0"" },  ""1etisk"" : { ""S"" : ""1"" },  ""1harDu"" : { ""S"" : ""2"" },  ""1hotOrNot"" : { ""S"" : ""3"" },  ""1tekst"" : { ""S"" : ""3"" },  ""2dilemma"" : { ""S"" : ""3"" },  ""2harDu"" : { ""S"" : ""3"" },  ""2hotOrNot"" : { ""S"" : ""1"" },  ""2tekst"" : { ""S"" : ""2"" },  ""3dilemma"" : { ""S"" : ""0"" },  ""3harDu"" : { ""S"" : ""3"" },  ""3hotOrNot"" : { ""S"" : ""3"" },  ""3tekst"" : { ""S"" : ""3"" },  ""4dilemma"" : { ""S"" : ""3"" },  ""4hotOrNot"" : { ""S"" : ""3"" },  ""4tekst"" : { ""S"" : ""1"" },  ""5hotOrNot"" : { ""S"" : ""3"" },  ""6hotOrNot"" : { ""S"" : ""0"" }}","2017-10-05 01:42:47.395493","0","67.56"
"1322247351217382","{  ""1dilemma"" : { ""S"" : ""1"" },  ""1etisk"" : { ""S"" : ""2"" },  ""1harDu"" : { ""S"" : ""3"" },  ""1hotOrNot"" : { ""S"" : ""3"" },  ""1tekst"" : { ""S"" : ""2"" },  ""2dilemma"" : { ""S"" : ""3"" },  ""2harDu"" : { ""S"" : ""3"" },  ""2hotOrNot"" : { ""S"" : ""3"" },  ""2tekst"" : { ""S"" : ""1"" },  ""3dilemma"" : { ""S"" : ""3"" },  ""3harDu"" : { ""S"" : ""3"" },  ""3hotOrNot"" : { ""S"" : ""3"" },  ""3tekst"" : { ""S"" : ""2"" },  ""4dilemma"" : { ""S"" : ""3"" },  ""4hotOrNot"" : { ""S"" : ""1"" },  ""4tekst"" : { ""S"" : ""2"" },  ""5hotOrNot"" : { ""S"" : ""3"" },  ""6hotOrNot"" : { ""S"" : ""3"" }}","2017-10-05 22:20:13.535905","0","55.707"
"706911806173009","{  ""1dilemma"" : { ""S"" : ""3"" },  ""1etisk"" : { ""S"" : ""1"" },  ""1harDu"" : { ""S"" : ""2"" },  ""1hotOrNot"" : { ""S"" : ""1"" },  ""1tekst"" : { ""S"" : ""2"" },  ""2dilemma"" : { ""S"" : ""3"" },  ""2harDu"" : { ""S"" : ""3"" },  ""2hotOrNot"" : { ""S"" : ""1"" },  ""2tekst"" : { ""S"" : ""1"" },  ""3dilemma"" : { ""S"" : ""1"" },  ""3harDu"" : { ""S"" : ""3"" },  ""3hotOrNot"" : { ""S"" : ""3"" },  ""3tekst"" : { ""S"" : ""2"" },  ""4dilemma"" : { ""S"" : ""3"" },  ""4hotOrNot"" : { ""S"" : ""1"" },  ""4tekst"" : { ""S"" : ""1"" },  ""5hotOrNot"" : { ""S"" : ""1"" },  ""6hotOrNot"" : { ""S"" : ""1"" }}","2017-10-05 15:20:45.543118","0","61.485"
"533131530357182","{  ""1dilemma"" : { ""S"" : ""3"" },  ""1etisk"" : { ""S"" : ""1"" },  ""1harDu"" : { ""S"" : ""2"" },  ""1hotOrNot"" : { ""S"" : ""3"" },  ""1tekst"" : { ""S"" : ""2"" },  ""2dilemma"" : { ""S"" : ""3"" },  ""2harDu"" : { ""S"" : ""1"" },  ""2hotOrNot"" : { ""S"" : ""3"" },  ""2tekst"" : { ""S"" : ""3"" },  ""3dilemma"" : { ""S"" : ""1"" },  ""3harDu"" : { ""S"" : ""2"" },  ""3hotOrNot"" : { ""S"" : ""3"" },  ""3tekst"" : { ""S"" : ""3"" },  ""4dilemma"" : { ""S"" : ""1"" },  ""4hotOrNot"" : { ""S"" : ""1"" },  ""4tekst"" : { ""S"" : ""1"" },  ""5hotOrNot"" : { ""S"" : ""1"" },  ""6hotOrNot"" : { ""S"" : ""1"" }}","2017-10-05 01:53:34.636120","0","57.217"
"1805244169518106","{  ""1dilemma"" : { ""S"" : ""1"" },  ""1etisk"" : { ""S"" : ""1"" },  ""1harDu"" : { ""S"" : ""3"" },  ""1hotOrNot"" : { ""S"" : ""3"" },  ""1tekst"" : { ""S"" : ""2"" },  ""2dilemma"" : { ""S"" : ""3"" },  ""2harDu"" : { ""S"" : ""3"" },  ""2hotOrNot"" : { ""S"" : ""3"" },  ""2tekst"" : { ""S"" : ""2"" },  ""3dilemma"" : { ""S"" : ""3"" },  ""3harDu"" : { ""S"" : ""2"" },  ""3hotOrNot"" : { ""S"" : ""3"" },  ""3tekst"" : { ""S"" : ""1"" },  ""4dilemma"" : { ""S"" : ""3"" },  ""4hotOrNot"" : { ""S"" : ""1"" },  ""4tekst"" : { ""S"" : ""1"" },  ""5hotOrNot"" : { ""S"" : ""3"" },  ""6hotOrNot"" : { ""S"" : ""1"" }}","2017-10-06 01:25:25.778542","0","49.746"
"353453295109424","{  ""1dilemma"" : { ""S"" : ""3"" },  ""1etisk"" : { ""S"" : ""1"" },  ""1harDu"" : { ""S"" : ""3"" },  ""1hotOrNot"" : { ""S"" : ""3"" },  ""1tekst"" : { ""S"" : ""2"" },  ""2dilemma"" : { ""S"" : ""3"" },  ""2harDu"" : { ""S"" : ""2"" },  ""2hotOrNot"" : { ""S"" : ""1"" },  ""2tekst"" : { ""S"" : ""2"" },  ""3dilemma"" : { ""S"" : ""0"" },  ""3harDu"" : { ""S"" : ""2"" },  ""3hotOrNot"" : { ""S"" : ""3"" },  ""3tekst"" : { ""S"" : ""1"" },  ""4dilemma"" : { ""S"" : ""3"" },  ""4hotOrNot"" : { ""S"" : ""1"" },  ""4tekst"" : { ""S"" : ""2"" },  ""5hotOrNot"" : { ""S"" : ""3"" },  ""6hotOrNot"" : { ""S"" : ""1"" }}","2017-09-11 12:15:55.848063","0","56.17"
"1121223008012341","{  ""1dilemma"" : { ""S"" : ""3"" },  ""1etisk"" : { ""S"" : ""2"" },  ""1harDu"" : { ""S"" : ""0"" },  ""1hotOrNot"" : { ""S"" : ""1"" },  ""1tekst"" : { ""S"" : ""3"" },  ""2dilemma"" : { ""S"" : ""1"" },  ""2harDu"" : { ""S"" : ""3"" },  ""2hotOrNot"" : { ""S"" : ""1"" },  ""2tekst"" : { ""S"" : ""3"" },  ""3dilemma"" : { ""S"" : ""1"" },  ""3harDu"" : { ""S"" : ""1"" },  ""3hotOrNot"" : { ""S"" : ""3"" },  ""3tekst"" : { ""S"" : ""3"" },  ""4dilemma"" : { ""S"" : ""1"" },  ""4hotOrNot"" : { ""S"" : ""0"" },  ""4tekst"" : { ""S"" : ""1"" },  ""5hotOrNot"" : { ""S"" : ""1"" },  ""6hotOrNot"" : { ""S"" : ""3"" }}","2017-09-21 12:32:28.296624","0","69.757"
"117617038932852","{  ""1dilemma"" : { ""S"" : ""3"" },  ""1etisk"" : { ""S"" : ""3"" },  ""1harDu"" : { ""S"" : ""2"" },  ""1hotOrNot"" : { ""S"" : ""1"" },  ""1tekst"" : { ""S"" : ""3"" },  ""2dilemma"" : { ""S"" : ""3"" },  ""2harDu"" : { ""S"" : ""1"" },  ""2hotOrNot"" : { ""S"" : ""1"" },  ""2tekst"" : { ""S"" : ""2"" },  ""3dilemma"" : { ""S"" : ""3"" },  ""3harDu"" : { ""S"" : ""3"" },  ""3hotOrNot"" : { ""S"" : ""1"" },  ""3tekst"" : { ""S"" : ""3"" },  ""4dilemma"" : { ""S"" : ""1"" },  ""4hotOrNot"" : { ""S"" : ""3"" },  ""4tekst"" : { ""S"" : ""2"" },  ""5hotOrNot"" : { ""S"" : ""3"" },  ""6hotOrNot"" : { ""S"" : ""1"" }}","2017-09-28 15:54:23.175661","0","59.275"
"317518602051182","{  ""1dilemma"" : { ""S"" : ""1"" },  ""1etisk"" : { ""S"" : ""1"" },  ""1harDu"" : { ""S"" : ""3"" },  ""1hotOrNot"" : { ""S"" : ""1"" },  ""1tekst"" : { ""S"" : ""2"" },  ""2dilemma"" : { ""S"" : ""3"" },  ""2harDu"" : { ""S"" : ""0"" },  ""2hotOrNot"" : { ""S"" : ""3"" },  ""2tekst"" : { ""S"" : ""2"" },  ""3dilemma"" : { ""S"" : ""0"" },  ""3harDu"" : { ""S"" : ""2"" },  ""3hotOrNot"" : { ""S"" : ""0"" },  ""3tekst"" : { ""S"" : ""2"" },  ""4dilemma"" : { ""S"" : ""1"" },  ""4hotOrNot"" : { ""S"" : ""0"" },  ""4tekst"" : { ""S"" : ""1"" },  ""5hotOrNot"" : { ""S"" : ""3"" },  ""6hotOrNot"" : { ""S"" : ""1"" }}","2017-10-05 00:32:25.017375","0","69.128"
"387728038297018","{  ""1dilemma"" : { ""S"" : ""1"" },  ""1etisk"" : { ""S"" : ""3"" },  ""1harDu"" : { ""S"" : ""3"" },  ""1hotOrNot"" : { ""S"" : ""3"" },  ""1tekst"" : { ""S"" : ""3"" },  ""2dilemma"" : { ""S"" : ""1"" },  ""2harDu"" : { ""S"" : ""1"" },  ""2hotOrNot"" : { ""S"" : ""1"" },  ""2tekst"" : { ""S"" : ""2"" },  ""3dilemma"" : { ""S"" : ""3"" },  ""3harDu"" : { ""S"" : ""3"" },  ""3hotOrNot"" : { ""S"" : ""3"" },  ""3tekst"" : { ""S"" : ""2"" },  ""4dilemma"" : { ""S"" : ""3"" },  ""4hotOrNot"" : { ""S"" : ""1"" },  ""4tekst"" : { ""S"" : ""2"" },  ""5hotOrNot"" : { ""S"" : ""1"" },  ""6hotOrNot"" : { ""S"" : ""3"" }}","2017-09-12 14:26:04.070814","0","67.231"
"1883980075200577","{  ""1dilemma"" : { ""S"" : ""3"" },  ""1etisk"" : { ""S"" : ""3"" },  ""1harDu"" : { ""S"" : ""3"" },  ""1hotOrNot"" : { ""S"" : ""3"" },  ""1tekst"" : { ""S"" : ""2"" },  ""2dilemma"" : { ""S"" : ""3"" },  ""2harDu"" : { ""S"" : ""3"" },  ""2hotOrNot"" : { ""S"" : ""3"" },  ""2tekst"" : { ""S"" : ""2"" },  ""3dilemma"" : { ""S"" : ""1"" },  ""3harDu"" : { ""S"" : ""2"" },  ""3hotOrNot"" : { ""S"" : ""3"" },  ""3tekst"" : { ""S"" : ""2"" },  ""4dilemma"" : { ""S"" : ""1"" },  ""4hotOrNot"" : { ""S"" : ""3"" },  ""4tekst"" : { ""S"" : ""2"" },  ""5hotOrNot"" : { ""S"" : ""1"" },  ""6hotOrNot"" : { ""S"" : ""1"" }}","2017-09-21 11:11:57.758731","0","64.872"
"1704758103166066","{  ""1dilemma"" : { ""S"" : ""1"" },  ""1etisk"" : { ""S"" : ""1"" },  ""1harDu"" : { ""S"" : ""1"" },  ""1hotOrNot"" : { ""S"" : ""1"" },  ""1tekst"" : { ""S"" : ""2"" },  ""2dilemma"" : { ""S"" : ""3"" },  ""2harDu"" : { ""S"" : ""1"" },  ""2hotOrNot"" : { ""S"" : ""3"" },  ""2tekst"" : { ""S"" : ""2"" },  ""3dilemma"" : { ""S"" : ""3"" },  ""3harDu"" : { ""S"" : ""2"" },  ""3hotOrNot"" : { ""S"" : ""1"" },  ""3tekst"" : { ""S"" : ""1"" },  ""4dilemma"" : { ""S"" : ""3"" },  ""4hotOrNot"" : { ""S"" : ""1"" },  ""4tekst"" : { ""S"" : ""1"" },  ""5hotOrNot"" : { ""S"" : ""1"" },  ""6hotOrNot"" : { ""S"" : ""1"" }}","2017-09-21 12:05:31.178174","0","68.844"
"874839929351361","{  ""1dilemma"" : { ""S"" : ""1"" },  ""1etisk"" : { ""S"" : ""3"" },  ""1harDu"" : { ""S"" : ""1"" },  ""1hotOrNot"" : { ""S"" : ""3"" },  ""1tekst"" : { ""S"" : ""3"" },  ""2dilemma"" : { ""S"" : ""3"" },  ""2harDu"" : { ""S"" : ""1"" },  ""2hotOrNot"" : { ""S"" : ""3"" },  ""2tekst"" : { ""S"" : ""2"" },  ""3dilemma"" : { ""S"" : ""1"" },  ""3harDu"" : { ""S"" : ""3"" },  ""3hotOrNot"" : { ""S"" : ""1"" },  ""3tekst"" : { ""S"" : ""2"" },  ""4dilemma"" : { ""S"" : ""1"" },  ""4hotOrNot"" : { ""S"" : ""1"" },  ""4tekst"" : { ""S"" : ""3"" },  ""5hotOrNot"" : { ""S"" : ""3"" },  ""6hotOrNot"" : { ""S"" : ""1"" }}","2017-09-21 14:09:22.876515","0","63.661"
"1585442358190409","{  ""1dilemma"" : { ""S"" : ""1"" },  ""1etisk"" : { ""S"" : ""2"" },  ""1harDu"" : { ""S"" : ""1"" },  ""1hotOrNot"" : { ""S"" : ""1"" },  ""1tekst"" : { ""S"" : ""1"" },  ""2dilemma"" : { ""S"" : ""3"" },  ""2harDu"" : { ""S"" : ""2"" },  ""2hotOrNot"" : { ""S"" : ""3"" },  ""2tekst"" : { ""S"" : ""3"" },  ""3dilemma"" : { ""S"" : ""1"" },  ""3harDu"" : { ""S"" : ""1"" },  ""3hotOrNot"" : { ""S"" : ""3"" },  ""3tekst"" : { ""S"" : ""1"" },  ""4dilemma"" : { ""S"" : ""3"" },  ""4hotOrNot"" : { ""S"" : ""3"" },  ""4tekst"" : { ""S"" : ""2"" },  ""5hotOrNot"" : { ""S"" : ""1"" },  ""6hotOrNot"" : { ""S"" : ""1"" }}","2017-10-06 00:55:20.038419","0","49.078"
"348300055629039","{  ""1dilemma"" : { ""S"" : ""0"" },  ""1etisk"" : { ""S"" : ""0"" },  ""1harDu"" : { ""S"" : ""0"" },  ""1hotOrNot"" : { ""S"" : ""0"" },  ""1tekst"" : { ""S"" : ""0"" },  ""2dilemma"" : { ""S"" : ""0"" },  ""2harDu"" : { ""S"" : ""0"" },  ""2hotOrNot"" : { ""S"" : ""0"" },  ""2tekst"" : { ""S"" : ""0"" },  ""3dilemma"" : { ""S"" : ""0"" },  ""3harDu"" : { ""S"" : ""0"" },  ""3hotOrNot"" : { ""S"" : ""0"" },  ""3tekst"" : { ""S"" : ""0"" },  ""4dilemma"" : { ""S"" : ""0"" },  ""4hotOrNot"" : { ""S"" : ""0"" },  ""4tekst"" : { ""S"" : ""0"" },  ""5hotOrNot"" : { ""S"" : ""0"" },  ""6hotOrNot"" : { ""S"" : ""3"" }}","2017-09-20 09:33:39.272466","0","97.714"
"125490464775053","{  ""1dilemma"" : { ""S"" : ""3"" },  ""1etisk"" : { ""S"" : ""3"" },  ""1harDu"" : { ""S"" : ""3"" },  ""1hotOrNot"" : { ""S"" : ""1"" },  ""1tekst"" : { ""S"" : ""2"" },  ""2dilemma"" : { ""S"" : ""3"" },  ""2harDu"" : { ""S"" : ""3"" },  ""2hotOrNot"" : { ""S"" : ""1"" },  ""2tekst"" : { ""S"" : ""3"" },  ""3dilemma"" : { ""S"" : ""3"" },  ""3harDu"" : { ""S"" : ""2"" },  ""3hotOrNot"" : { ""S"" : ""3"" },  ""3tekst"" : { ""S"" : ""1"" },  ""4dilemma"" : { ""S"" : ""1"" },  ""4hotOrNot"" : { ""S"" : ""1"" },  ""4tekst"" : { ""S"" : ""3"" },  ""5hotOrNot"" : { ""S"" : ""3"" },  ""6hotOrNot"" : { ""S"" : ""0"" }}","2017-09-20 10:33:36.833475","0","70.647"
"116101802412382","{  ""1dilemma"" : { ""S"" : ""1"" },  ""1etisk"" : { ""S"" : ""3"" },  ""1harDu"" : { ""S"" : ""3"" },  ""1hotOrNot"" : { ""S"" : ""1"" },  ""1tekst"" : { ""S"" : ""2"" },  ""2dilemma"" : { ""S"" : ""1"" },  ""2harDu"" : { ""S"" : ""3"" },  ""2hotOrNot"" : { ""S"" : ""3"" },  ""2tekst"" : { ""S"" : ""1"" },  ""3dilemma"" : { ""S"" : ""3"" },  ""3harDu"" : { ""S"" : ""3"" },  ""3hotOrNot"" : { ""S"" : ""3"" },  ""3tekst"" : { ""S"" : ""1"" },  ""4dilemma"" : { ""S"" : ""3"" },  ""4hotOrNot"" : { ""S"" : ""1"" },  ""4tekst"" : { ""S"" : ""2"" },  ""5hotOrNot"" : { ""S"" : ""3"" },  ""6hotOrNot"" : { ""S"" : ""1"" }}","2017-09-11 10:27:00.769319","0","68.675"
"629292447270918","{  ""1dilemma"" : { ""S"" : ""1"" },  ""1etisk"" : { ""S"" : ""1"" },  ""1harDu"" : { ""S"" : ""2"" },  ""1hotOrNot"" : { ""S"" : ""3"" },  ""1tekst"" : { ""S"" : ""3"" },  ""2dilemma"" : { ""S"" : ""3"" },  ""2harDu"" : { ""S"" : ""2"" },  ""2hotOrNot"" : { ""S"" : ""1"" },  ""2tekst"" : { ""S"" : ""2"" },  ""3dilemma"" : { ""S"" : ""1"" },  ""3harDu"" : { ""S"" : ""1"" },  ""3hotOrNot"" : { ""S"" : ""1"" },  ""3tekst"" : { ""S"" : ""3"" },  ""4dilemma"" : { ""S"" : ""1"" },  ""4hotOrNot"" : { ""S"" : ""3"" },  ""4tekst"" : { ""S"" : ""3"" },  ""5hotOrNot"" : { ""S"" : ""1"" },  ""6hotOrNot"" : { ""S"" : ""3"" }}","2017-09-12 12:47:10.969919","0","65.408"
"157887968140456","{  ""1dilemma"" : { ""S"" : ""3"" },  ""1etisk"" : { ""S"" : ""1"" },  ""1harDu"" : { ""S"" : ""3"" },  ""1hotOrNot"" : { ""S"" : ""3"" },  ""1tekst"" : { ""S"" : ""2"" },  ""2dilemma"" : { ""S"" : ""1"" },  ""2harDu"" : { ""S"" : ""2"" },  ""2hotOrNot"" : { ""S"" : ""1"" },  ""2tekst"" : { ""S"" : ""3"" },  ""3dilemma"" : { ""S"" : ""1"" },  ""3harDu"" : { ""S"" : ""3"" },  ""3hotOrNot"" : { ""S"" : ""3"" },  ""3tekst"" : { ""S"" : ""2"" },  ""4dilemma"" : { ""S"" : ""3"" },  ""4hotOrNot"" : { ""S"" : ""1"" },  ""4tekst"" : { ""S"" : ""1"" },  ""5hotOrNot"" : { ""S"" : ""3"" },  ""6hotOrNot"" : { ""S"" : ""3"" }}","2017-10-05 00:34:50.196946","0","60.935"
"1458290774257846","{  ""1dilemma"" : { ""S"" : ""1"" },  ""1etisk"" : { ""S"" : ""2"" },  ""1harDu"" : { ""S"" : ""3"" },  ""1hotOrNot"" : { ""S"" : ""3"" },  ""1tekst"" : { ""S"" : ""2"" },  ""2dilemma"" : { ""S"" : ""3"" },  ""2harDu"" : { ""S"" : ""3"" },  ""2hotOrNot"" : { ""S"" : ""3"" },  ""2tekst"" : { ""S"" : ""3"" },  ""3dilemma"" : { ""S"" : ""1"" },  ""3harDu"" : { ""S"" : ""3"" },  ""3hotOrNot"" : { ""S"" : ""3"" },  ""3tekst"" : { ""S"" : ""2"" },  ""4dilemma"" : { ""S"" : ""3"" },  ""4hotOrNot"" : { ""S"" : ""1"" },  ""4tekst"" : { ""S"" : ""1"" },  ""5hotOrNot"" : { ""S"" : ""3"" },  ""6hotOrNot"" : { ""S"" : ""3"" }}","2017-09-20 11:17:26.894535","0","48.894"
"1486975168063102","{  ""1dilemma"" : { ""S"" : ""3"" },  ""1etisk"" : { ""S"" : ""1"" },  ""1harDu"" : { ""S"" : ""3"" },  ""1hotOrNot"" : { ""S"" : ""3"" },  ""1tekst"" : { ""S"" : ""2"" },  ""2dilemma"" : { ""S"" : ""3"" },  ""2harDu"" : { ""S"" : ""2"" },  ""2hotOrNot"" : { ""S"" : ""1"" },  ""2tekst"" : { ""S"" : ""1"" },  ""3dilemma"" : { ""S"" : ""1"" },  ""3harDu"" : { ""S"" : ""3"" },  ""3hotOrNot"" : { ""S"" : ""1"" },  ""3tekst"" : { ""S"" : ""2"" },  ""4dilemma"" : { ""S"" : ""3"" },  ""4hotOrNot"" : { ""S"" : ""3"" },  ""4tekst"" : { ""S"" : ""2"" },  ""5hotOrNot"" : { ""S"" : ""3"" },  ""6hotOrNot"" : { ""S"" : ""3"" }}","2017-10-05 12:37:22.021544","0","68.872"
"1091874697609583","{  ""1dilemma"" : { ""S"" : ""1"" },  ""1etisk"" : { ""S"" : ""2"" },  ""1harDu"" : { ""S"" : ""3"" },  ""1hotOrNot"" : { ""S"" : ""3"" },  ""1tekst"" : { ""S"" : ""2"" },  ""2dilemma"" : { ""S"" : ""3"" },  ""2harDu"" : { ""S"" : ""2"" },  ""2hotOrNot"" : { ""S"" : ""3"" },  ""2tekst"" : { ""S"" : ""1"" },  ""3dilemma"" : { ""S"" : ""3"" },  ""3harDu"" : { ""S"" : ""2"" },  ""3hotOrNot"" : { ""S"" : ""3"" },  ""3tekst"" : { ""S"" : ""3"" },  ""4dilemma"" : { ""S"" : ""3"" },  ""4hotOrNot"" : { ""S"" : ""1"" },  ""4tekst"" : { ""S"" : ""1"" },  ""5hotOrNot"" : { ""S"" : ""3"" },  ""6hotOrNot"" : { ""S"" : ""3"" }}","2017-09-11 14:08:25.087278","0","59.794"
"358104827957120","{  ""1dilemma"" : { ""S"" : ""3"" },  ""1etisk"" : { ""S"" : ""1"" },  ""1harDu"" : { ""S"" : ""3"" },  ""1hotOrNot"" : { ""S"" : ""3"" },  ""1tekst"" : { ""S"" : ""1"" },  ""2dilemma"" : { ""S"" : ""3"" },  ""2harDu"" : { ""S"" : ""3"" },  ""2hotOrNot"" : { ""S"" : ""1"" },  ""2tekst"" : { ""S"" : ""1"" },  ""3dilemma"" : { ""S"" : ""1"" },  ""3harDu"" : { ""S"" : ""2"" },  ""3hotOrNot"" : { ""S"" : ""1"" },  ""3tekst"" : { ""S"" : ""3"" },  ""4dilemma"" : { ""S"" : ""1"" },  ""4hotOrNot"" : { ""S"" : ""3"" },  ""4tekst"" : { ""S"" : ""1"" },  ""5hotOrNot"" : { ""S"" : ""1"" },  ""6hotOrNot"" : { ""S"" : ""1"" }}","2017-09-11 14:07:09.286734","0","71.666"
"1903329163264819","{  ""1dilemma"" : { ""S"" : ""3"" },  ""1etisk"" : { ""S"" : ""2"" },  ""1harDu"" : { ""S"" : ""3"" },  ""1hotOrNot"" : { ""S"" : ""3"" },  ""1tekst"" : { ""S"" : ""2"" },  ""2dilemma"" : { ""S"" : ""1"" },  ""2harDu"" : { ""S"" : ""2"" },  ""2hotOrNot"" : { ""S"" : ""3"" },  ""2tekst"" : { ""S"" : ""3"" },  ""3dilemma"" : { ""S"" : ""0"" },  ""3harDu"" : { ""S"" : ""1"" },  ""3hotOrNot"" : { ""S"" : ""1"" },  ""3tekst"" : { ""S"" : ""3"" },  ""4dilemma"" : { ""S"" : ""3"" },  ""4hotOrNot"" : { ""S"" : ""1"" },  ""4tekst"" : { ""S"" : ""1"" },  ""5hotOrNot"" : { ""S"" : ""1"" },  ""6hotOrNot"" : { ""S"" : ""3"" }}","2017-10-05 00:27:28.555299","0","61.893"
"832815503556701","{  ""1dilemma"" : { ""S"" : ""3"" },  ""1etisk"" : { ""S"" : ""3"" },  ""1harDu"" : { ""S"" : ""0"" },  ""1hotOrNot"" : { ""S"" : ""3"" },  ""1tekst"" : { ""S"" : ""2"" },  ""2dilemma"" : { ""S"" : ""3"" },  ""2harDu"" : { ""S"" : ""2"" },  ""2hotOrNot"" : { ""S"" : ""1"" },  ""2tekst"" : { ""S"" : ""1"" },  ""3dilemma"" : { ""S"" : ""1"" },  ""3harDu"" : { ""S"" : ""2"" },  ""3hotOrNot"" : { ""S"" : ""3"" },  ""3tekst"" : { ""S"" : ""2"" },  ""4dilemma"" : { ""S"" : ""1"" },  ""4hotOrNot"" : { ""S"" : ""3"" },  ""4tekst"" : { ""S"" : ""2"" },  ""5hotOrNot"" : { ""S"" : ""3"" },  ""6hotOrNot"" : { ""S"" : ""1"" }}","2017-10-05 00:46:08.934414","0","70.861"
"bobby","{  ""1dilemma"" : { ""S"" : ""1"" },  ""1etisk"" : { ""S"" : ""2"" },  ""1harDu"" : { ""S"" : ""3"" },  ""1hotOrNot"" : { ""S"" : ""3"" },  ""1tekst"" : { ""S"" : ""0"" },  ""2dilemma"" : { ""S"" : ""1"" },  ""2harDu"" : { ""S"" : ""1"" },  ""2hotOrNot"" : { ""S"" : ""3"" },  ""2tekst"" : { ""S"" : ""2"" },  ""3dilemma"" : { ""S"" : ""1"" },  ""3harDu"" : { ""S"" : ""3"" },  ""3hotOrNot"" : { ""S"" : ""3"" },  ""3tekst"" : { ""S"" : ""2"" },  ""4dilemma"" : { ""S"" : ""3"" },  ""4hotOrNot"" : { ""S"" : ""3"" },  ""4tekst"" : { ""S"" : ""3"" },  ""5hotOrNot"" : { ""S"" : ""3"" },  ""6hotOrNot"" : { ""S"" : ""3"" }}","2017-09-10 11:56:44.987348","0","46.143"
"282717415551057","{  ""1dilemma"" : { ""S"" : ""1"" },  ""1etisk"" : { ""S"" : ""3"" },  ""1harDu"" : { ""S"" : ""2"" },  ""1hotOrNot"" : { ""S"" : ""3"" },  ""1tekst"" : { ""S"" : ""2"" },  ""2dilemma"" : { ""S"" : ""1"" },  ""2harDu"" : { ""S"" : ""3"" },  ""2hotOrNot"" : { ""S"" : ""3"" },  ""2tekst"" : { ""S"" : ""2"" },  ""3dilemma"" : { ""S"" : ""3"" },  ""3harDu"" : { ""S"" : ""2"" },  ""3hotOrNot"" : { ""S"" : ""1"" },  ""3tekst"" : { ""S"" : ""3"" },  ""4dilemma"" : { ""S"" : ""3"" },  ""4hotOrNot"" : { ""S"" : ""3"" },  ""4tekst"" : { ""S"" : ""1"" },  ""5hotOrNot"" : { ""S"" : ""1"" },  ""6hotOrNot"" : { ""S"" : ""0"" }}","2017-09-25 13:49:12.279784","0","57.714"
"123355928387168","{  ""1dilemma"" : { ""S"" : ""3"" },  ""1etisk"" : { ""S"" : ""2"" },  ""1harDu"" : { ""S"" : ""2"" },  ""1hotOrNot"" : { ""S"" : ""0"" },  ""1tekst"" : { ""S"" : ""3"" },  ""2dilemma"" : { ""S"" : ""1"" },  ""2harDu"" : { ""S"" : ""3"" },  ""2hotOrNot"" : { ""S"" : ""1"" },  ""2tekst"" : { ""S"" : ""1"" },  ""3dilemma"" : { ""S"" : ""1"" },  ""3harDu"" : { ""S"" : ""1"" },  ""3hotOrNot"" : { ""S"" : ""0"" },  ""3tekst"" : { ""S"" : ""3"" },  ""4dilemma"" : { ""S"" : ""3"" },  ""4hotOrNot"" : { ""S"" : ""1"" },  ""4tekst"" : { ""S"" : ""1"" },  ""5hotOrNot"" : { ""S"" : ""0"" },  ""6hotOrNot"" : { ""S"" : ""0"" }}","2017-09-12 12:56:43.310898","0","70.65"
"136146103672456","{  ""1dilemma"" : { ""S"" : ""1"" },  ""1etisk"" : { ""S"" : ""3"" },  ""1harDu"" : { ""S"" : ""3"" },  ""1hotOrNot"" : { ""S"" : ""3"" },  ""1tekst"" : { ""S"" : ""2"" },  ""2dilemma"" : { ""S"" : ""1"" },  ""2harDu"" : { ""S"" : ""3"" },  ""2hotOrNot"" : { ""S"" : ""1"" },  ""2tekst"" : { ""S"" : ""3"" },  ""3dilemma"" : { ""S"" : ""1"" },  ""3harDu"" : { ""S"" : ""3"" },  ""3hotOrNot"" : { ""S"" : ""1"" },  ""3tekst"" : { ""S"" : ""1"" },  ""4dilemma"" : { ""S"" : ""3"" },  ""4hotOrNot"" : { ""S"" : ""3"" },  ""4tekst"" : { ""S"" : ""2"" },  ""5hotOrNot"" : { ""S"" : ""3"" },  ""6hotOrNot"" : { ""S"" : ""3"" }}","2017-09-20 11:51:58.770867","0","59.801"
"485132711870093","{  ""1dilemma"" : { ""S"" : ""3"" },  ""1etisk"" : { ""S"" : ""3"" },  ""1harDu"" : { ""S"" : ""3"" },  ""1hotOrNot"" : { ""S"" : ""3"" },  ""1tekst"" : { ""S"" : ""3"" },  ""2dilemma"" : { ""S"" : ""1"" },  ""2harDu"" : { ""S"" : ""3"" },  ""2hotOrNot"" : { ""S"" : ""1"" },  ""2tekst"" : { ""S"" : ""2"" },  ""3dilemma"" : { ""S"" : ""3"" },  ""3harDu"" : { ""S"" : ""3"" },  ""3hotOrNot"" : { ""S"" : ""3"" },  ""3tekst"" : { ""S"" : ""3"" },  ""4dilemma"" : { ""S"" : ""1"" },  ""4hotOrNot"" : { ""S"" : ""3"" },  ""4tekst"" : { ""S"" : ""2"" },  ""5hotOrNot"" : { ""S"" : ""1"" },  ""6hotOrNot"" : { ""S"" : ""1"" }}","2017-10-05 21:43:31.756395","0","55.664"
"340044813122723","{  ""1dilemma"" : { ""S"" : ""3"" },  ""1etisk"" : { ""S"" : ""2"" },  ""1harDu"" : { ""S"" : ""2"" },  ""1hotOrNot"" : { ""S"" : ""3"" },  ""1tekst"" : { ""S"" : ""3"" },  ""2dilemma"" : { ""S"" : ""3"" },  ""2harDu"" : { ""S"" : ""3"" },  ""2hotOrNot"" : { ""S"" : ""1"" },  ""2tekst"" : { ""S"" : ""2"" },  ""3dilemma"" : { ""S"" : ""3"" },  ""3harDu"" : { ""S"" : ""2"" },  ""3hotOrNot"" : { ""S"" : ""3"" },  ""3tekst"" : { ""S"" : ""1"" },  ""4dilemma"" : { ""S"" : ""1"" },  ""4hotOrNot"" : { ""S"" : ""3"" },  ""4tekst"" : { ""S"" : ""1"" },  ""5hotOrNot"" : { ""S"" : ""1"" },  ""6hotOrNot"" : { ""S"" : ""1"" }}","2017-10-05 22:40:34.935803","0","63.289"
